Key,Type,Desc,Korean,English,Japanese,Chinese,Chinese-TW [zh-tw],Unnamed: 8,Unnamed: 9,Unnamed: 10,Unnamed: 11,Unnamed: 12,Unnamed: 13,Unnamed: 14,Unnamed: 15,Unnamed: 16,Unnamed: 17,Unnamed: 18,Unnamed: 19,Unnamed: 20,Unnamed: 21,Unnamed: 22,Unnamed: 23,Unnamed: 24,Unnamed: 25
Record/Post/DC1_CommentDesc0,Text,,걍 다같이 죽자 ㅋㅋㅋ 세계 개같이 멸망 ㅋㅋㅋㅋㅋㅋㅋㅋ,"Le monde est fini, alors autant mourir tous ensemble LOOOOOL",もうだめだぁ…おしまいだぁ…,都别活了！！毁灭吧，赶紧的，累了！！！,都別活了！ ！毀滅吧，趕緊的，累了！ ！ ！,,,,,,,,,,,,,,,,,,
Record/Post/DC1_CommentDesc1,Text,,깨어있기 운동인지 뭔지 사람들이 하던데 그건 뭐임?,J'ai vu des gens rejoindre un mouvement appelé « Stay Awake ». Quelqu'un sait de quoi il s'agit ?,睡眠拒否運動って勧誘されたけどあれなに？,听说最近有人在搞什么反冷冻运动，那是干嘛的?,聽說最近有人在搞什麼反冷凍運動，那是幹嘛的?,,,,,,,,,,,,,,,,,,
Record/Post/DC1_CommentDesc2,Text,,<space=50>냉동수면 안하고 지하철에서 모여서 산다던가 그러더라,<space=50>J'ai entendu dire que ce sont des gens qui refusent la cryogénisation et vivent dans une station de métro.,<space=50>冷凍睡眠に入らずに地下鉄の中に引きこもるって。,<space=50>据说是不愿意去冷冻睡眠的人，准备聚在地铁生活,<space=50>據說是不願意冷凍睡眠的人，準備聚在地鐵生活,,,,,,,,,,,,,,,,,,
Record/Post/DC1_CommentDesc3,Text,,<space=50>그게 현실적으로 가능함?,<space=50>C'est vraiment possible de survivre au froid comme ça ?,<space=50>え？そんなこともできるの？,<space=50>这可行嘛？,<space=50>這可行嘛？,,,,,,,,,,,,,,,,,,
Record/Post/DC1_CommentDesc4,Text,,<space=50>ㅁㄹ,<space=50>Aucune idée..,<space=50>知らん,<space=50>不知道唉,<space=50>不知道唉,,,,,,,,,,,,,,,,,,
Record/Post/DC1_CommentDesc5,Text,,피터놈 진짜 찢어 죽이고 싶네,J'ai tellement envie de tuer Peter.,ピーター氏ね,皮特这个XX我想弄死他,皮特這個XX我想弄死他,,,,,,,,,,,,,,,,,,
Record/Post/DC1_CommentDesc6,Text,,<space=50>진짜 누가 정의구현좀 안해주냐?,<space=50>Des volontaires assez courageux pour lui faire payer ?,<space=50>マジで誰か正義執行頼むぞ？,<space=50>就没有人伸张正义吗？,<space=50>就沒有人伸張正義嗎？,,,,,,,,,,,,,,,,,,
Record/Post/DC1_CommentWriter0,Text,,제니르,Jennier,ジェニル,姬麟黑,姬麟黑,,,,,,,,,,,,,,,,,,
Record/Post/DC1_CommentWriter1,Text,,빅터v,VictorV,ヴィクターv,维克多v,維克多v,,,,,,,,,,,,,,,,,,
Record/Post/DC1_CommentWriter2,Text,,<sprite name=Icon>나는짱,<sprite name=Icon>ImTheBest,<sprite name=Icon>俺様最強,<sprite name=Icon>我做我的王,<sprite name=Icon>我做我的王,,,,,,,,,,,,,,,,,,
Record/Post/DC1_CommentWriter3,Text,,<sprite name=Icon>빅터v,<sprite name=Icon>VictorV,<sprite name=Icon>ヴィクターv,<sprite name=Icon>维克多v,<sprite name=Icon>維克多v,,,,,,,,,,,,,,,,,,
Record/Post/DC1_CommentWriter4,Text,,<sprite name=Icon>나는짱,<sprite name=Icon>ImTheBest,<sprite name=Icon>俺様最強,<sprite name=Icon>我做我的王,<sprite name=Icon>我做我的王,,,,,,,,,,,,,,,,,,
Record/Post/DC1_CommentWriter5,Text,,화난당근,FuriousCarrot,おこりざる,愤怒的胡萝卜,憤怒的胡蘿蔔,,,,,,,,,,,,,,,,,,
Record/Post/DC1_CommentWriter6,Text,,<sprite name=Icon>히어로,<sprite name=Icon>Hiro,<sprite name=Icon>ヒーロー,<sprite name=Icon>幻象超人,<sprite name=Icon>幻象超人,,,,,,,,,,,,,,,,,,
Record/Post/DC1_Desc,Text,,"아니 결국 피터 때문에 인류 멸망하는거나 마찬가지인데
그렇게 안전하다고 자랑해놓고 이제와서 결함이 생기는게 말이 되냐고
ㅅㅂ개빡치는데 밖은 얼어 뒤지겠고 안그래도 심란한데 개소리까지 들으니까 정신 나갈것 같다","On va tous disparaître à cause de Peter. Le fils de pute..
Il nous avait promis qu'on serait en sécurité, et maintenant on apprend qu'il y a un défaut ?
ET PUTAIN mais ça caille, je vais clamser si ça continue ! 
Et maintenant cette merde... Je vais finir par devenir fou.","結局ピーターのせいで人類は滅亡するんだろ？
めっちゃ自慢してた冷凍睡眠ポッドに今更欠陥？
外は寒いし、俺たちにできることもないんじゃ、どうすりゃいいのさ？","现在就相当于说人类要被皮特搞灭亡了
之前不是信誓旦旦地说绝对安全吗，这会儿突然曝出有缺陷就很离谱
我TM真的是火大，外面又冷的要死，这是要把人逼疯的节奏","現在就等於說人類要被皮特搞滅亡了
之前不是信誓旦旦地說絕對安全嗎，這會兒突然曝出有缺陷就很離譜
我TM真的是火大，外面又冷的要死，這是要把人逼瘋的節奏",,,,,,,,,,,,,,,,,,
Record/Post/DC1_RecordDesc,Text,,"냉동수면 포드에 관한 기사가 퍼진 이후, 세계는 혼돈에 빠진다. 그 때 당시 저장된 인터넷 페이지의 기록이다.","Le monde sombre dans le chaos après la révélation du défaut des capsules de cryogénisation. 
Cette page de forum a été archivée à cette époque.",冷凍睡眠ポッドの欠陥に対するニュースが流れた後、世界は混乱に陥った。これは、その時保存されたネットの状況の記録である。,关于冷冻睡眠舱的报道播出后，世界陷入了一片混乱之中。这是当时保存的网页记录。,關於冷凍睡眠艙的報導播出後，世界陷入了一片混亂之中。這是當時已儲存的網頁記錄。,,,,,,,,,,,,,,,,,,
Record/Post/DC1_RecordTitle,Text,,저장된 페이지,Page de forum archivée,保存されたWEBページ,保存的网页,儲存的網頁,,,,,,,,,,,,,,,,,,
Record/Post/DC1_Title,Text,,이딴 어처구니 없는 경우는 처음이네 ㄹㅇ,"Mais qu'est-ce qui se passe, bordel ?",こんなふざけた状況は初めてだな,这也太离谱了，真的是活久见,這也太離譜了，我到底看了什麼,,,,,,,,,,,,,,,,,,
Record/Post/DC1_Writer,Text,,털복숭이,FurryMonkey,毛だるま,草莓味樱桃,草莓風味櫻桃,,,,,,,,,,,,,,,,,,
Record/Post/DC1_Year,Text,,Ç}±ßóüwL년 11월 17일,"Année Ç}±ßóüwL, 17 novembre",Ç}±ßóüwL年11月17日,Ç}±ßóüwL年11月17日,Ç}±ßó üwL年11月17日,,,,,,,,,,,,,,,,,,
Record/Post/DC2_CommentDesc0,Text,,너도 그생각함?ㅋㅋㅋㅋ 이 새끼들 ㄹㅇ 뭔가 있다니까. 다 연결됨,Toi aussi tu penses ça ? Je te dis qu'il y a un putain de complot digne d'un film de science-fiction. Tout est lié.,やっぱりそうだろ？ｗｗｗこいつら絶対なにかあるって。全部繋がってんだよ,我也这么觉得哈哈哈，这帮人很可能在下一盘大棋。,我也這麼覺得哈哈哈，這群人很可能在下一盤大棋。,,,,,,,,,,,,,,,,,,
Record/Post/DC2_CommentDesc1,Text,,우리가 쓰는 폰도 NOVA꺼인거 알지? 이새끼 곧 NOVA에서 잡으러 올듯ㅋㅋ,"Vous vous rendez compte que tous nos téléphones sont fabriqués par NOVA, pas vrai ? Ce type est le prochain sur la liste noire de NOVA LOL",お前のスマホもどうせNOVA製だろ？次のNOVA社のターゲットは決まったなｗｗｗ,我们用的手机也是NOVA产的，这人马上就要被查水表了哈哈。。,我們用的手機也是NOVA產的，這人馬上就要被查水錶了哈哈。 。,,,,,,,,,,,,,,,,,,
Record/Post/DC2_CommentDesc2,Text,,<space=50>???:이래서 눈치 빠른 녀석은 싫다니까,"<space=50>Ne restez pas trop près de votre téléphone, il va exploser d'une minute à l'autre.",<space=50>???：君のような勘のいいガキは嫌いだよ。,<space=50>？？？：看破不说破,<space=50>？ ？ ？ ：看破不說破,,,,,,,,,,,,,,,,,,
Record/Post/DC2_CommentDesc3,Text,,이런 생각 하는 사람들 생각보다 많네,"Waouh, cette théorie est bien plus populaire que je ne l'imaginais.",お前らもそう思った？,看来有这种想法的人还挺多,看來有這種想法的人還蠻多,,,,,,,,,,,,,,,,,,
Record/Post/DC2_CommentDesc4,Text,,ㅈㄹ억까 너무 심한데,"Comme d'habitude, un ramassis de troglodytes sur les forums.",そんなわけあるかい！,得了吧，别搞阴谋论这一套,得了吧，別搞陰謀論這套,,,,,,,,,,,,,,,,,,
Record/Post/DC2_CommentDesc5,Text,,냐아아 도키도키시테타,NANIIII TROP HYPÉ XDDDDDD,にゃああ~ どきどきしてきた,我永远喜欢七海千秋,我永遠喜歡七海千秋,,,,,,,,,,,,,,,,,,
Record/Post/DC2_CommentDesc6,Text,,아무리 그래도 이게 말이 돼냐? 그런다고 걔들이 뭔 이득이 있음? 인류 다 멸먕하는데,En quoi ça aurait le moindre sens ? Qu'est-ce qu'ils gagneraient à anéantir la planète ?,いくら何でもそれはないな。NOVA社に何の得があるんだ？本島に滅ぶぞ？,虽然但是。。没什么道理吧？这对他们有什么好处？人类都要灭亡了,雖然但是。 。沒什麼道理吧？這對他們有什麼好處？人類都要滅亡了,,,,,,,,,,,,,,,,,,
Record/Post/DC2_CommentDesc7,Text,,<space=50>NOVA사 알바 불탄 연구소에서 검거,<space=50>Employé de NOVA arrêté dans le laboratoire en flammes.,<space=50>NOVA社のバイトが研究所跡で逮捕されたんだが,<space=50>NOVA公司非正式员工在烧毁的研究所被逮捕,<space=50>NOVA公司非正式員工在燒毀的研究所被逮捕,,,,,,,,,,,,,,,,,,
Record/Post/DC2_CommentDesc8,Text,,<space=50>NOVA 명예직원 새끼들 얼어뒤지기 직전까지 열일하는중,<space=50>Les employés de NOVA continuent de lécher les bottes jusqu'à en mourir gelés.,<space=50>NOVA信者が顔真っ赤かよ　凍死するまでやってる気か？,<space=50>NOVA的社畜们还在努力工作呢,<space=50>NOVA的社畜還在努力工作呢,,,,,,,,,,,,,,,,,,
Record/Post/DC2_CommentDesc9,Text,,<space=50>돼x 되o,"<space=50>Hum, en fait, votre grammaire est incorrecte.",<space=50>本当を本島と書くあほは滅んでいいぞ,<space=50>打工人打工魂，打工打到世界末日,<space=50>打工人打工魂，打工打到世界末日,,,,,,,,,,,,,,,,,,
Record/Post/DC2_CommentWriter0,Text,,배드송,BadSong,バッドソング,流影之歌,流影之歌,,,,,,,,,,,,,,,,,,
Record/Post/DC2_CommentWriter1,Text,,플루토니스,plutonis,プルトニス,天空星斗,天空星鬥,,,,,,,,,,,,,,,,,,
Record/Post/DC2_CommentWriter2,Text,,<sprite name=Icon>AA후라임,<sprite name=Icon>AAPrime,<sprite name=Icon>AAプライム,<sprite name=Icon>AA御坂美琴,<sprite name=Icon>AA禦坂美琴,,,,,,,,,,,,,,,,,,
Record/Post/DC2_CommentWriter3,Text,,찢어진날개,Torn_Wings,翼をください,毁灭之翼,毀滅之翼,,,,,,,,,,,,,,,,,,
Record/Post/DC2_CommentWriter4,Text,,konkonK,konkonK,konkonK,konkonK,konkonK,,,,,,,,,,,,,,,,,,
Record/Post/DC2_CommentWriter5,Text,,しゅが?はぁと☆,しゅが?はぁと☆,しゅが?はぁと☆,しゅが?はぁと☆,しゅが?はぁと☆,,,,,,,,,,,,,,,,,,
Record/Post/DC2_CommentWriter6,Text,,진짜선비,RealSunby,侍,梵高先生,梵谷先生,,,,,,,,,,,,,,,,,,
Record/Post/DC2_CommentWriter7,Text,,<sprite name=Icon>익명42,<sprite name=Icon>Anonymous42,<sprite name=Icon>ななし42,<sprite name=Icon>匿名42,<sprite name=Icon>匿名42,,,,,,,,,,,,,,,,,,
Record/Post/DC2_CommentWriter8,Text,,<sprite name=Icon>배드송,<sprite name=Icon>BadSong,<sprite name=Icon>バッドソング,<sprite name=Icon>流影之歌,<sprite name=Icon>流影之歌,,,,,,,,,,,,,,,,,,
Record/Post/DC2_CommentWriter9,Text,,<sprite name=Icon>우주대법관,<sprite name=Icon>MrMagnificent,<sprite name=Icon>宇宙審判官,<sprite name=Icon>宇宙大法官,<sprite name=Icon>宇宙大法官,,,,,,,,,,,,,,,,,,
Record/Post/DC2_Desc,Text,,"뜬금없이 이상기후인 것도 그렇고
냉동수면으로 살 수 있다고 홍보해놓고 지금 와서 결함이 발견된 것도 그렇고
NOVA 정도의 기술력이면 뭔가 뒤가 있을 것 같지 않음?
아님 말고","Les changements climatiques sont arrivés sans le moindre avertissement.
On nous a dit que la cryogénisation nous permettrait de survivre, et maintenant on découvre soudainement qu'il y a un défaut.
Avec la technologie de NOVA, il est peut-être possible qu'ils complotent quelque chose.
Qui sait...","急に異常気象とか起きるのも怪しい。
冷凍睡眠ポッドなら大丈夫って言っておいて今更欠陥が発見されたのも怪しい。
NOVAの技術力でこんなことも予想できなかったと？
これは絶対何かあるな。","总感觉这事儿太蹊跷了，突然就开始气候异常
之前大力宣传冷冻睡眠，这会儿又曝出系统有缺陷
以NOVA的技术，我觉得肯定没这么简单，等着看后续吧。
（纯属猜测）","總覺得事有蹊蹺，突然就開始氣候異常
之前大力宣傳冷凍睡眠，現在又曝出系統有缺陷
以NOVA的技術，我覺得肯定沒這麼簡單，等著看後續
（純屬猜測）",,,,,,,,,,,,,,,,,,
Record/Post/DC2_Title,Text,,념글요청) 사실 모두 NOVA의 계획이 아닐까?,Et si tout cela faisait partie du plan de NOVA ?,【悲報】全てNOVAの計画通りであった。,申精）有没有可能这些都是NOVA的计划？,申請精華）有沒有可能這些都是NOVA的計畫？,,,,,,,,,,,,,,,,,,
Record/Post/DC2_Writer,Text,,익명1452,Anonymous1452,ななし1452,匿名1452,匿名1452,,,,,,,,,,,,,,,,,,
Record/Post/DC3_CommentDesc0,Text,,ㅠㅜ,（´；ω；｀）,（´；ω；｀）,哭了。。,哭了。 。,,,,,,,,,,,,,,,,,,
Record/Post/DC3_CommentDesc1,Text,,사회가 무너질때... 우리는 깨어난다.,Quand la société s'effondre... Nous nous relèverons.,俺たちの戦いは…これからだ！,当社会分崩离析，我们将挺身而出。,當社會分崩離析，我們將挺身而出。,,,,,,,,,,,,,,,,,,
Record/Post/DC3_CommentDesc2,Text,,난 노래방가서 봉인해제하고 실컷 부르고 싶다.,J'ai envie d'aller au karaoké.,ヒトカラ行きたい,我只想去KTV唱到爽,我只想去KTV唱到爽,,,,,,,,,,,,,,,,,,
Record/Post/DC3_CommentWriter0,Text,,에어팡,AirPang,エアロ,半堂风,半堂風,,,,,,,,,,,,,,,,,,
Record/Post/DC3_CommentWriter1,Text,,커뮤니티중독자,forum_addict,コミュ充,古代光之战士,古代光之戰士,,,,,,,,,,,,,,,,,,
Record/Post/DC3_CommentWriter2,Text,,리그렛샤,rigeuressya,リグレット,谜样露仁,謎樣露仁,,,,,,,,,,,,,,,,,,
Record/Post/DC3_Desc,Text,,"밖에는 미친놈들 많아서 나가기도 무섭고...
마트는 이미 다 털렸겠지? 배고프다...
바다 건너는 인터넷도 다 끊긴거같던데...
우리도 이제 얼마 안남은거같음...","Il y a trop de fous du bus dehors...
Les supermarchés sont probablement tous vides maintenant. Je meurs de faim...
On dirait que la connexion Internet est complètement coupée à l'étranger...
Il ne nous reste plus beaucoup de temps non plus...","外は目がいってる奴しかいないから怖いし。
もうコンビニにも何もないはずだろ？
ネットも切れたところもあるみたいだし。
マジでおしまいなんだな…","外面疯子太多了不敢出门。。。
超市应该都被抢光了吧？好饿。。。
国外好像已经没网了。。。
我们估计也快了吧。。。","外面瘋子太多了不敢出門。 。 。
超市應該都被搶光了吧？好餓。 。 。
國外好像已經沒網了。 。 。
我們估計也快了吧。 。 。",,,,,,,,,,,,,,,,,,
Record/Post/DC3_Title,Text,,먹을거 많이 사둘걸 그랬다,J'aurais dû faire des réserves de nourriture.,食料買っておけばよかった…,早知道就多囤点货了。,早知道就多囤點貨了。,,,,,,,,,,,,,,,,,,
Record/Post/DC3_Writer,Text,,마린,Marin,マーリンズ,焖饼,燜餅,,,,,,,,,,,,,,,,,,
Record/Post/DC4_CommentDesc0,Text,,"동감. 국제연합에서 계속 하라고 하는데, 그냥 하는게 낫지 않나 싶음.","Je suis d'accord. L'ONU n'arrête pas de nous le recommander, alors je ne vois pas pourquoi on ne le ferait pas.",同感。国連がやれってんならやった方がよくね？,+1 联合国还是建议冷冻睡眠的，我看还是跟着做的比较好。,+1 聯合國還是建議冷凍睡眠的，我看還是跟著做的比較好。,,,,,,,,,,,,,,,,,,
Record/Post/DC4_CommentDesc1,Text,,"<space=50>진짜 뭐가 맞는지 모르겠다... 그래도 대부분 냉동수면 하는 분위기 인것 같은데, 나도 그냥 할려고","<space=50>Je ne sais plus quoi penser... On dirait que la plupart des gens choisissent la cryogénisation, alors peut-être que je devrais faire pareil.",<space=50>もう本当にわからん…でもみんな冷凍睡眠するみたいだから俺もと思って,<space=50>不知道该怎么办了……不过大部分人好像还是选择冷冻，我也准备做了。,<space=50>不知道該怎麼辦了……不過大部分人好像還是選擇冷凍，我也準備做了。,,,,,,,,,,,,,,,,,,
Record/Post/DC4_CommentDesc2,Text,,뭔 얼어죽을 냉동 수면이여...,Je ne vais pas me porter volontaire pour mourir congelé... C'est complètement dingue.,冷凍睡眠しなくてもよくね？,冻死人的冷冻睡眠。。。,凍死人的冷凍睡眠。 。 。,,,,,,,,,,,,,,,,,,
Record/Post/DC4_CommentDesc3,Text,,<space=50>팩트)냉동수면 안해도 얼어뒤진다.,<space=50>Info amusante : tu vas mourir gelé même si tu refuses la cryogénisation.,<space=50>【本質情報】凍死者乙。,<space=50>真相）不冷冻也会冻死。,<space=50>真相）不冷凍也會凍死。,,,,,,,,,,,,,,,,,,
Record/Post/DC4_CommentDesc4,Text,,<space=50>팩트)지하철에서 장작 모으고 불피우면 살 수 있다.,"<space=50>Info amusante : moi, je peux survivre en ramassant du bois sous une station de métro.",<space=50>【本質情報】地下鉄で焚き火して暮らせば死なない。,<space=50>真相）在地铁上点篝火就能活着。,<space=50>真相）在地鐵上點火就能活著。,,,,,,,,,,,,,,,,,,
Record/Post/DC4_CommentDesc5,Text,,<space=50>팩트)그래봤자 한달도 못버틴다.,<space=50>Info amusante : tu ne tiendras même pas un mois.,<space=50>【本質情報】地下凍死者乙。,<space=50>真相）但是撑不过一个月。,<space=50>真相）但是撐不過一個月。,,,,,,,,,,,,,,,,,,
Record/Post/DC4_CommentDesc6,Text,,응 늬들 영원히 못깨어남ㅋㅋㅋㅋㅋ그렇게 뒤지고 싶으면 뒤지셈ㅋㅋㅋㅅㅅㅅㅅㅅㅅㅅㅅㅅ,PTDRRR TU TE RÉVEILLERAS JAMAIS ALLEZ VA TE FAIRE VOIR,お前ら本当に目覚められると思ってんの？ｗｗｗｗｗ馬鹿じゃねぇの？ｗｗｗｗｗｗ,那你们就准备在冷冻舱里长眠吧，想死就去呗没人拦着，呵呵呵呵,那你們就準備在冷凍艙長眠吧，想死就去嗆沒人攔著，呵呵呵呵,,,,,,,,,,,,,,,,,,
Record/Post/DC4_CommentDesc7,Text,,<space=50>이새낀 왤케 화남?,<space=50>Pourquoi ce gamin est-il aussi énervé ?,<space=50>おこなの？,<space=50>这人哪来这么大火气？,<space=50>這人哪來這麼大火氣？,,,,,,,,,,,,,,,,,,
Record/Post/DC4_CommentDesc8,Text,,<space=50>닉값ㅆㅅㅌㅊ ㅋㅋ,<space=50>Son pseudo lui va bien.,<space=50>こいつｗｗｗ名前がｗｗｗ。,<space=50>你看他昵称,<space=50>你看他暱稱,,,,,,,,,,,,,,,,,,
Record/Post/DC4_CommentWriter0,Text,,하츠바인,Hatzbien,ハツバイン,火心炎,火心炎,,,,,,,,,,,,,,,,,,
Record/Post/DC4_CommentWriter1,Text,,<sprite name=Icon>냉혹한독수리,<sprite name=Icon>Relentless_Eagle,<sprite name=Icon>冷酷鷲,<sprite name=Icon>红鸟君,<sprite name=Icon>紅鳥君,,,,,,,,,,,,,,,,,,
Record/Post/DC4_CommentWriter2,Text,,익명23,Anonymous23,ななし23,匿名23,匿名23,,,,,,,,,,,,,,,,,,
Record/Post/DC4_CommentWriter3,Text,,<sprite name=Icon>익명92,<sprite name=Icon>Anonymous92,<sprite name=Icon>ななし92,<sprite name=Icon>匿名92,<sprite name=Icon>匿名92,,,,,,,,,,,,,,,,,,
Record/Post/DC4_CommentWriter4,Text,,<sprite name=Icon>익명23,<sprite name=Icon>Anonymous23,<sprite name=Icon>ななし23,<sprite name=Icon>匿名23,<sprite name=Icon>匿名23,,,,,,,,,,,,,,,,,,
Record/Post/DC4_CommentWriter5,Text,,<sprite name=Icon>익명92,<sprite name=Icon>Anonymous92,<sprite name=Icon>ななし92,<sprite name=Icon>匿名92,<sprite name=Icon>匿名92,,,,,,,,,,,,,,,,,,
Record/Post/DC4_CommentWriter6,Text,,앵그리가이,xXAngryGuy69Xx,アングリーマン,我生气起来很可怕,我生氣起來很可怕,,,,,,,,,,,,,,,,,,
Record/Post/DC4_CommentWriter7,Text,,<sprite name=Icon>하츠바인,<sprite name=Icon>Hatzbien,<sprite name=Icon>ハツバイン,<sprite name=Icon>火心炎,<sprite name=Icon>火心炎,,,,,,,,,,,,,,,,,,
Record/Post/DC4_CommentWriter8,Text,,<sprite name=Icon>벚꽃잎선풍,<sprite name=Icon>CherryBlossoms,<sprite name=Icon>さくら旋風,<sprite name=Icon>樱花风扇,<sprite name=Icon>櫻花風扇,,,,,,,,,,,,,,,,,,
Record/Post/DC4_Desc,Text,,"옆나라는 벌써 냉동수면율 70% 넘겼다더라...
지하철에서 생활? 문자 그대로 얼어죽을 소리를 하고있어ㅋㅋ
예상 온도를 생각하면 현실적으로 말이 안됨
그렇게 살다가 얼어죽을 바에 다들 하는 냉동수면에 걸어보는게 나을듯
어쩌면 80년 되기 전에 재앙이 끝날 수도 있잖아","Apparemment, le taux de cryogénisation a déjà dépassé les 70 % dans d'autres pays...
Vivre sous le métro ? Ça ressemble surtout à une excellente façon de mourir, mdr.
D'un point de vue réaliste, ça n'a aucun sens vu les températures prévues.
Je pense qu'il vaut mieux miser sur la cryogénisation.
Qui sait ? Peut-être que la Catastrophe sera terminée dans 80 ans.","他の国は冷凍睡眠率が70％を超えたらしい…
地下鉄の中で生活？凍死の言い間違いだろｗｗｗ
今後の予想気温を考えるとあり得ない。
それよりは冷凍睡眠にかけた方が現実的だろう。
80年以内に厄災が終わるかもしれないし。","邻国冷冻睡眠率已经超过70%了。。。
在地铁生活？怕不是早晚得冻死
在那么低的温度下生活根本就不现实
反正都要冻死，还不如赌一把
搞不好没过80年灾难就结束了","鄰國冷凍睡眠率已經超過70%了。 。 。
在地鐵站生活？我看早晚得凍死
在那麼低的溫度下生活根本就不現實
反正都要凍死，不如賭一把
搞不好沒80年災難就結束了",,,,,,,,,,,,,,,,,,
Record/Post/DC4_Title,Text,,걍 냉동수면 하는게 나을것 같다고 생각함,Je pense que la cryogénisation est la meilleure option.,冷凍睡眠したほうがいいと思う。,我看还是冷冻比较好吧,我看還是冷凍比較好吧,,,,,,,,,,,,,,,,,,
Record/Post/DC4_Writer,Text,,냉혹한독수리,Relentless_Eagle,冷酷鷲,红鸟君,紅鳥君,,,,,,,,,,,,,,,,,,
Record/Post/TW_CommentDesc0,Text,,"[공익트 RT <sprite name=TW_Heart>]
널리 퍼뜨려주세요.
모든 냉동수면 회사 포드는 NOVA사 시스템을 이용하는데,  NOVA사 시스템에 결함이 발견됐다네요.
>>냉동수면보다 지하철에서 버티는 게 더 안전합니다<<
모두 냉동수면 하지 말고, 계속 깨어있읍시다!


<color=#428ee4>#NOVA사_진실규명 #깨어있기운동 #살인자피터","[Intérêt public RT <sprite name=TW_Heart>]
Merci de partager cette information.
Toutes les capsules de cryogénisation utilisent un système développé par NOVA.
Cependant, un grave défaut a récemment été découvert dans ce système.
>>Le métro est plus sûr que le sommeil cryogénique.<<
Refusez la cryogénisation et restez éveillés !

<color=#428ee4>#VéritéNOVA #StayAwake #PeterAssassin","[RTお願いします<sprite name=TW_Heart>]
周りにも知らせてください。 
冷凍睡眠ポッドは全部NOVA社のシステムを利用してます！
NOVA社のシステムから致命的な欠陥が発見されました！
>>冷凍睡眠を拒否し、地下鉄に潜る方が安全なんです！！<<


皆で冷凍睡眠を拒否して地下で春を待ちましょう！
<color=#428ee4>#NOVA社の真実 #睡眠拒否運動 #人殺しピーター","[公益<sprite name=TW_Heart>]
求转发，求扩散！
所有的冷冻睡眠舱都使用NOVA公司的系统，NOVA公司目前曝出系统存在缺陷。
>>在地铁生活比冷冻更安全<<
不要进入冷冻睡眠，保持清醒！


<color=#428ee4>#NOVA公司_真相 #反冷冻运动 #杀人犯皮特","[公益<sprite name=TW_Heart>]
求轉發，求擴散！
所有的冷凍睡眠艙都使用NOVA公司的系統，NOVA公司目前曝出系統有缺陷。
>>在地鐵生活比冷凍更安全<<
不要進入冷凍睡眠，保持清醒！


<color=#428ee4>#NOVA公司_真相 #反冷凍運動 #殺手皮特",,,,,,,,,,,,,,,,,,
Record/Post/TW_CommentDesc1,Text,,"아 ㅋ
웃긴점 : 인간은 -150도에서 오래 버티지 못함
지하역이 지하벙커가 아니고, 대통령 지하벙커도 글케는 못 버틸듯..",A,"あほかｗｗｗ
人間は−150°Cで生き残れない。地下鉄じゃ無理。
大統領の地下シェルターだって生き残れるかよ。","笑死
人类在零下150度的温度下活不了多长时间
地铁又不是地堡，美国总统的地堡都不一定能行。。","笑死
人類在零下150度的溫度下活不了多久
地鐵又不是地下堡壘，美國總統的地下堡壘都不一定能行。 。",,,,,,,,,,,,,,,,,,
Record/Post/TW_CommentDesc10,Text,,"우리 귀염둥이들! 당분간 방송을 쉬어야 할 것 같아ㅠㅠ
나중에 만날수 있을테니까 다들 몸조심하고 다시 만나자!","Mes chéris ! Je vais devoir faire une petite pause dans mes streams ㅠㅠ
Prenez bien soin de vous, et j'espère qu'on se reverra très bientôt !","キミたち！しばらく配信はできなさそうだよ(╥_╥)
後で必ずまた会えるから！みんな元気でね！","小可爱们！我要停播一段时间了呜呜呜
相信我们以后还会再见的，大家注意身体，我们未来见！","小可愛們！我要停播一段時間了嗚嗚嗚
相信我們以後還會再見的，大家注意身體，我們未來見！",,,,,,,,,,,,,,,,,,
Record/Post/TW_CommentDesc2,Text,,NOVA사 제품 불매합니다. <color=#428ee4><space=300>#NO_NOVA,Boycottez les produits NOVA. <color=#428ee4><space=300>#NON_NOVA,NOVA社不買運動を支持します。<color=#428ee4><space=300>#NO_NOVA,抵制NOVA产品<color=#428ee4><space=300>#NO_NOVA,抵制NOVA產品<color=#428ee4><space=300>#NO_NOVA,,,,,,,,,,,,,,,,,,
Record/Post/TW_CommentDesc3,Text,,"@ : 소신발언...
님들아 냉동 수면 하는 거 생각보다 괜찮다고 생각함. 죽는다고 해도 천천히 얼어죽는 거보단 낫잖어
해동이 안 돼는 게 문제지 80년 되기 전에 깨어나거나.. 넘더라도 수동으로 깨워줄 사람 있으면?
괜찮? 을듯...?","@: Message important...
Les gars, je pense que le sommeil cryogénique est la meilleure option. Même si nous mourons pendant la cryogénisation, c'est toujours mieux que de mourir lentement de froid.
Le problème, c'est le réveil. Nous pouvons nous réveiller naturellement dans 80 ans, ou bien il faudra compter sur quelqu'un pour nous réveiller si cette durée est dépassée...
Ça devrait aller... Enfin, je crois... ?","@：不安だけど…
冷凍睡眠は思ったよりいいと思う。
死んだとしても外で野垂れ死にするよりはましだろ。
解凍できないのが問題なら80年経つ前に起きるとか…越えても誰か
手動で起してくれるとか？　それならいいんじゃね？","@：先声明我不是水军……
我觉得冷冻睡眠挺好的，就算死也总比慢慢冻死要强吧。
现在的问题是它不能自动解冻，如果能在80年之前醒过来，或者就算超过80年，如果有人手动叫醒的话。。
好像也没什么问题吧？","@：先聲明我不是水軍……
我覺得冷凍睡眠挺好的，就算死也總比慢慢凍死要強吧。
現在的問題是它不能自動解凍，如果能在80年之前醒過來，或者就算超過80年，如果有人手動叫醒的話。 。
好像也沒什麼問題吧？",,,,,,,,,,,,,,,,,,
Record/Post/TW_CommentDesc4,Text,,민초님은 제가 깨워드림 님은 저 깨워주기,"Mint Chocolate Je te réveillerai, alors réveille-moi aussi, d'accord ?",ミントチョコさんは私が起こしますから！,我负责叫醒香草可爱多，请冷冻人唤醒组织务必叫醒我,我負責叫醒香草可愛多，請冷凍人喚醒組織務必叫醒我,,,,,,,,,,,,,,,,,,
Record/Post/TW_CommentDesc5,Text,,드르렁,Zzzz ( ˘ω˘),( ˘ω˘)ｽﾔｧ,zzZZZZZZ,zzZZZZZZ,,,,,,,,,,,,,,,,,,
Record/Post/TW_CommentDesc6,Text,,"아니 근데 이거 못 일어나면 천천히 녹아서 죽을 거라고 하던데...좀 무섭;
글케 하고 싶진 않은데 가족 따라서 같이 할려구요
ㅇㅇ역 갈 건데 사람 별로 없으면 좋겠다","Apparemment, si on ne se réveille pas, on finit par fondre lentement jusqu'à mourir... C'est plutôt effrayant.
Je n'en ai pas envie, mais je respecte la décision de ma famille.
Je vais à la station OO, alors j'espère qu'il n'y aura pas trop de monde.","でもこれ起きられないと少しずつ溶けて死ぬらしいから…少し怖い。
あんまりやりたくはないけど、家族全員がやるから俺もやる。
これから○○駅に向かうけど人多そうだな…","听说如果醒不过来的话会慢慢融化而死。。有点吓人
我是不太想去，但是家里人都要去我也只能跟着了
我们准备去XX站，希望那里人不多","聽說如果醒不過來的話會慢慢融化而死。 。有點嚇人
我是不太想去，但家裡人都要去我也只能跟著了
我們準備去XX站，希望那裡人不多",,,,,,,,,,,,,,,,,,
Record/Post/TW_CommentDesc7,Text,,"모두 함께 냉동수면에 든 사람을 깨웁시다!
생존권을 지키는 냉동수면 깨우기 캠페인에 참여합시다.
작은 행동과 목소리가 모여 여러 사람을 구합니다.
늦기 전에 주변에 캠페인 참여 독려 부탁드립니다.","Réveillons nos semblables plongés dans le sommeil cryogénique !
Participez à la campagne de réveil des dormeurs cryogéniques afin de protéger notre droit à vivre.
Les petits gestes et les voix de chacun s'unissent pour sauver de nombreuses vies.
Encouragez les personnes autour de vous à participer avant qu'il ne soit trop tard.","一致団結して冷凍睡眠した人達を起こしましょう！
人間の生存権を守るため冷凍睡眠拒否運動に参加してください！
一人一人の行動と声を集めて人類を救うんです！
手遅れになる前に行動するべきです！","唤醒进入冷冻睡眠的人！
请大家加入冷冻人唤醒组织，保护我们的生存权！
再微小的力量，聚集在一起也能创造奇迹。
请大家积极转告周围的人，一起加入冷冻人唤醒组织。","喚醒進入冷凍睡眠的人！
請大家加入冷凍人喚醒組織，保護我們的生存權！
再微小的力量，聚集在一起也能創造奇蹟。
請大家積極轉告周圍的人，一起加入冷凍人喚醒組織。",,,,,,,,,,,,,,,,,,
Record/Post/TW_CommentDesc8,Text,,"제발 글 내려주세요.
며칠 전 지역 쉘터에서 냉동수면 했었는데,
이 사람같이 말하는 분들이 강제로 깨우고 기계를 부쉈습니다.
함께 있던 분들은 결함을 알면서도 안 하는 것보다 낫다고 생각해
스스로 냉동수면에 들어간 사람들이었어요.","Je vous en prie, supprimez cette publication.
Il y a quelques jours, j'étais en sommeil cryogénique dans un refuge local,
et des personnes tenant ce genre de discours ont forcé l'ouverture de ma capsule et m'ont réveillé.
Les participants qui étaient avec moi connaissaient tous les risques, mais avaient malgré tout choisi volontairement le sommeil cryogénique.","こんなふざけた真似はマジで勘弁してくれ。
十日前に冷凍睡眠に入ったのに
お前らみたいな能無しに強制的に起こされてポッドも壊されたんだ。
冷凍睡眠に入る方を選択した人達もいるんだよ。","麻烦楼上赶紧删评论吧。
几天前我本来已经进入冷冻睡眠了，
结果这些人强制把我弄醒，还把机器砸碎了。
和我一起进入冷冻睡眠的都是知道系统缺陷的人，
我们都觉得冷冻总比等死要好，所以主动选择冷冻的。 ","麻煩樓上趕緊刪評論吧。
幾天前我本來已經進入冷凍睡眠了，
結果這些人強制把我弄醒，還把機器砸碎了。
和我一起進入冷凍睡眠的都是知道系統缺陷的人，
我們都覺得冷凍總比等死好，所以主動選擇冷凍的。",,,,,,,,,,,,,,,,,,
Record/Post/TW_CommentDesc9,Text,,지하철로 가시면 됩니다. 냉동수면 들어가면 죽는다고요.,Allez à la station de métro. La cryogénisation est désormais une mort certaine.,地下鉄の駅に向かってください！ポッドに入ると死んじゃうんです！,去地铁站就行，别冷冻，会死的。,去地鐵站就行，別冷凍，會死的。,,,,,,,,,,,,,,,,,,
Record/Post/TW_CommentWriter0,Text,,메인트 RT 부탁드립니다  <sprite name=TW_Fire>,Merci de repartager <sprite name=TW_Fire>,RTお願いします<sprite name=TW_Fire>,求置顶 <sprite name=TW_Fire>,求置頂 <sprite name=TW_Fire>,,,,,,,,,,,,,,,,,,
Record/Post/TW_CommentWriter1,Text,,마라맛 감튀킬러<space=100><sprite name=TW_Lock>,Spicy Fries Enjoyer<space=100><sprite name=TW_Lock>,ポテチを食う<space=100><sprite name=TW_Lock>,麻辣薯条杀手<space=100><sprite name=TW_Lock>,辣薯條殺手<space=100><sprite name=TW_Lock>,,,,,,,,,,,,,,,,,,
Record/Post/TW_CommentWriter10,Text,,-,-,-,-,-,,,,,,,,,,,,,,,,,,
Record/Post/TW_CommentWriter2,Text,,<space=40>네모네모 멈뭄미,<space=40>Square Doggo,<space=40>ワンちゃんのワンチャン,<space=40>若世界处于黑夜,<space=40>若世界處於黑夜,,,,,,,,,,,,,,,,,,
Record/Post/TW_CommentWriter3,Text,,민트초코 광인,Mint Chocolate Maniac,ミントチョコ,香草可爱多,香草可愛多,,,,,,,,,,,,,,,,,,
Record/Post/TW_CommentWriter4,Text,,미중년은 세상을 구해,Middle-Aged Prosperity,世界を救う美中年,美中年拯救世界,美中年拯救世界,,,,,,,,,,,,,,,,,,
Record/Post/TW_CommentWriter5,Text,,민트초코 광인,Mint Chocolate Maniac,ミントチョコ,香草可爱多,香草可愛多,,,,,,,,,,,,,,,,,,
Record/Post/TW_CommentWriter6,Text,,환영검,Illusion_Sword,幻影の刃,幻影剑,幻影劍,,,,,,,,,,,,,,,,,,
Record/Post/TW_CommentWriter7,Text,,냉동수면 깨우기 캠페인중인 개골,Campagne contre la cryogénisation,冷凍睡眠拒否運動本部,加入冷冻人唤醒组织,加入冷凍人喚醒組織,,,,,,,,,,,,,,,,,,
Record/Post/TW_CommentWriter8,Text,,유국적 탁상공론,Théoricien de salon,エンドレスワルツ,国际空想家,國際空想家,,,,,,,,,,,,,,,,,,
Record/Post/TW_CommentWriter9,Text,,8호선철도덕후,Passionné de la ligne 8,8号線オタク,8号线地铁死宅,8號地鐵死宅,,,,,,,,,,,,,,,,,,
Record/Record/AfterWorld_Desc,Text,,"방주 프로젝트가 끝나고, 인류는 다시 잃어버린 문명을 재건하기 시작한다.
프로젝트에 참가한 사람들은, 저마다 가상 세계에서의 일을 통해 배우고, 성장하고, 바뀌게 되었다.
이 이야기는 모두의 마지막 발차쥐이자, 미래로 이어지는 이야기.","Le projet Arche est terminé, et l'humanité commence à reconstruire la civilisation qu'elle avait perdue.
Les participants au projet ont appris, grandi et changé au fil des événements vécus dans le monde virtuel.
Cette histoire représente les derniers pas de chacun d'entre eux, une histoire qui ouvre la voie vers l'avenir.","アークプロジェクトは終わり、人類は失われた文明の再建を始める。
プロジェクトの参加者達は各々仮想世界の生活で学び、成長し、変わってしまった。
この物語は皆の最後の足跡であり、未来へ繋がる物語。 ","方舟项目结束后，人类开始重建失去的文明。
参加项目的每个人都通过虚拟世界获得了成长，并发生了改变。
这是关于每个人的最后一瞥，也是通向未来的故事。","方舟計畫結束後，人類開始重建失落的文明。
參加計畫的每個人都透過虛擬世界獲得了成長，並發生了改變。
這是關於每個人的最後一瞥，也是通往未來的故事。",,,,,,,,,,,,,,,,,,
Record/Record/AfterWorld_Title,Text,,현실 세계의 이야기,Histoire du monde réel,現実世界の物語,现实世界的故事,現實世界的故事,,,,,,,,,,,,,,,,,,
Record/Record/AshenOrder_Desc,Text,,"사회현상이 된 ""잿더미단""에 대해 누군가가 서술한 인터넷 게시글.
""잿더미단""으로 인해 발생한 각종 문제점을 지적하고 있다.","Un article publié sur Internet à propos de « l'Ordre Cendré », devenu un véritable phénomène de société.
Il critique les nombreux problèmes engendrés par « l'Ordre Cendré ».","社会現象になってしまった「灰燼団」について誰かがネット上に書いたもの。
「灰燼団」による社会問題を指摘している。","有人在网络上发布的探讨“灰烬团”这一社会现象的网络帖子。
文章指出了因“灰烬团”而发生的各种社会问题。","有人在網路上發布的探討「灰燼團」這個社會現象的網路貼文。
文章指出了因「灰燼團」而發生的各種社會問題。",,,,,,,,,,,,,,,,,,
Record/Record/AshenOrder_Title,Text,,"과열되는 정의, ""잿더미단"" 이대로 괜찮은가",Justice en surchauffe : faut-il laisser « l'Ordre Cendré » agir librement ?,加熱した正義「灰燼団」、このままで大丈夫なのか。,越来越过激的正义，“灰烬团”还要被放任到何时？,越來越過激的正義，「灰燼團」還要被放任到何時？,,,,,,,,,,,,,,,,,,
Record/Record/AshenOrder_Year,Text,,"Ç}±ßLwùï년, 6월 6일","Année Ç}±ßLwùï, 6 juin",Ç}±ßLwùï年、6月6日,Ç}±ßLwùï年，6月6日,Ç}±ßLwùï年，6月6日,,,,,,,,,,,,,,,,,,
Record/Record/AzarClyne_Desc,Text,,"방주 프로젝트에서 쓰일 가상 세계 프로그램을 만드는 아자르.
클라인은 그런 아자르의 재능을 높이 평가하며 어째서 게임 개발자가 된 건지 물어본다.","Azar est en train de développer le programme du monde virtuel pour le projet Arche. 
Clyne admire énormément le talent d'Azar et lui demande pourquoi il est devenu développeur de jeux vidéo.","アークプロジェクトで使われる仮想世界プログラムを作っているアザール。
クラインはアザールの才能を高く評価し、どうしてゲーム開発者になったのか尋ねる。","阿扎尔正在编写用于方舟项目的虚拟世界程序。
克莱因十分赞赏阿扎尔的天赋，并询问他为什么会成为一个游戏开发者。","阿札爾正在編寫用於方舟計畫的虛擬世界程式。
克萊因十分讚賞阿札爾的天賦，並詢問他為什麼會成為一個遊戲開發者。",,,,,,,,,,,,,,,,,,
Record/Record/AzarClyne_Title,Text,,개발팀 녹음기록 : 클라인 / 아자르,Archives de développement : Clyne / Azar,開発部録音記録：クライン・アザール,开发组的录音记录：克莱因/阿扎尔,開發小組的錄音記錄：克萊因/阿扎爾,,,,,,,,,,,,,,,,,,
Record/Record/AzarClyne_Year,Text,,Ç}±ßLw÷년 10월 11일,"Année Ç}±ßLw÷, 11 octobre",Ç}±ßLw÷年10月11日,Ç}±ßLw÷年10月11日,Ç}±ßLw÷ 年10月11日,,,,,,,,,,,,,,,,,,
Record/Record/Betrayal_Desc,Text,,"어두운 방 안에서 수상한 행동을 하고 있는 정체불명의 그림자.
그 인물은 다급한 숨을 내쉬면서, 누군가를 향한 뚜렷한 적의를 드러낸다.","Une ombre non identifiée agit de manière suspecte dans une pièce plongée dans l'obscurité. 
Le coupable respire avec difficulté, révélant une hostilité manifeste envers une certaine personne.","真っ暗な部屋で怪しく動く正体不明の影。
その人物は乱れた吐息を漏らしながら、誰かに対して明確な敵意を向けている。","一个行为可疑的神秘身影出现在漆黑的房间里。
这个人急促的喘息着，明显表露出对某个人的敌意。","一個行為可疑的神祕身影出現在漆黑的房間裡。
這個人急促的喘息著，明顯表露出對某個人的敵意。",,,,,,,,,,,,,,,,,,
Record/Record/Betrayal_Title,Text,,배신,Trahison,裏切り,背叛,背叛,,,,,,,,,,,,,,,,,,
Record/Record/Betrayal_Year,Text,,Ç}±ßLw÷ö년 4월 23일,"Année Ç}±ßLw÷ö, 23 avril",Ç}±ßLw÷ö年4月23日,Ç}±ßLw÷ö年4月23日,Ç}±ßLw÷ ö年4月23日,,,,,,,,,,,,,,,,,,
Record/Record/BetrayerAlly_Desc,Text,,"감옥에 갇힌 배신자에게 자신이 한 짓을 털어놓은 피닉스.
이제는 피닉스도 방주 프로젝트의 배신자나 다름 없으며, 배신자는 그 점을 노리고 피닉스에게 동맹을 제안한다.
그들은 가상 세계 내부에서 가상 세계를 마음대로 주무를 수 있는 마스터 권한을 이용해 가상 세계를 영원한 세계로 만들기 위한 계획에 착수하는데...","Phoenix avoue ses actes au traître emprisonné.
Phoenix est désormais devenu un traître au projet Arche à son tour, et le prisonnier profite de cette situation pour lui proposer une alliance.
Ils commencent alors à élaborer un plan visant à rendre le monde virtuel éternel en utilisant les Autorisations Maîtres afin de manipuler ce monde à leur guise...","牢獄の裏切り者に、自分のしたことを全て打ち明けたフェニックス。
もはやフェニックスもアークプロジェクトを裏切ったようなもの。
裏切り者はその点をつき、フェニックスに同盟を提案する。
彼らは仮想世界を思うままに操れるマスター権限を利用して、
仮想世界を永遠のものにする計画に着手する…。","凤凰向关在监狱里的叛徒坦白了自己所犯下的事情。
此时的凤凰也变成了方舟的叛徒，叛徒借着这个机会建议凤凰和自己结成同盟。
他们着手计划着利用能够随心所欲地操纵虚拟世界的管理员权限，创造出永恒的世界……","鳳凰向關在監獄裡的叛徒坦白了自己所犯下的事。
此時的鳳凰也變成了方舟的叛徒，叛徒藉著這個機會建議鳳凰和自己結盟。
他們著手計劃著利用能夠隨心所欲地操縱虛擬世界的管理員權限，創造出永恆的世界……",,,,,,,,,,,,,,,,,,
Record/Record/BetrayerAlly_Title,Text,,영생의 시작,Début de la vie éternelle,永生の始まり,永生的开始,永生的開始,,,,,,,,,,,,,,,,,,
Record/Record/CallerPeter_Desc,Text,,"방주 프로젝트의 총책임자 클라인과 NOVA 사 CEO 피터의 통화 내역.
클라인은 피터의 상태가 이상하다는 것을 깨닫지만, 그에게 해줄 수 있는 말은 없었다.","Un appel entre Clyne, directeur exécutif du projet Arche, et Peter, PDG de NOVA. 
Clyne remarque que Peter se comporte de manière étrange, mais il ne trouve pas vraiment quoi lui répondre.","アークプロジェクト総責任者、クラインとNOVA社のCEO、ピーターの通話履歴。
クラインはピーターの様子がおかしいことに気づくが、彼にできることはなかった。","方舟项目的总负责人克莱因和NOVA公司CEO皮特的通话内容。
克莱因意识到皮特的精神状态不太好，但他不知道该如何安慰他。","方舟計畫的總負責人克萊因和NOVA公司CEO皮特的通話內容。
克萊因意識到皮特的精神狀態不太好，但他不知道該如何安慰他。",,,,,,,,,,,,,,,,,,
Record/Record/CallerPeter_Title,Text,,발신자 : 피터,De : Peter,発信：ピーター,来电：皮特,來電：皮特,,,,,,,,,,,,,,,,,,
Record/Record/CallerPeter_Year,Text,,Ç}±ßóüwL년 12월 24일,"Année Ç}±ßóüwL, 24 décembre",Ç}±ßóüwL年12月24日,Ç}±ßóüwL年12月24日,Ç}±ßó üwL年12月24日,,,,,,,,,,,,,,,,,,
Record/Record/Chiyo_Desc,Text,,"순조롭게 안착되어 가는 '방주 프로젝트'.
클라인과 그의 조수 치요는 프로젝트를 관리하며 시시콜콜한 이야기를 나눈다.","Le projet Arche progresse sans encombre. 
Clyne et son assistante Chiyo gèrent le projet tout en discutant tranquillement.","順調に進む「アークプロジェクト」。
クラインとその助手チヨは、プロジェクトを管理しながら雑談をしている。","“方舟项目”顺利启动。
克莱因和他的助手七曜一边管理着项目，一边聊着日常生活中的琐事。","「方舟計畫」順利啟動。
克萊因和他的助手七曜一邊管理計畫內容，一邊聊著日常瑣事。",,,,,,,,,,,,,,,,,,
Record/Record/Chiyo_Title,Text,,새하얀 소녀,La jeune fille en blanc immaculé,真っ白な少女,雪白的少女,雪白的少女,,,,,,,,,,,,,,,,,,
Record/Record/Chiyo_Year,Text,,1년 5월 20일,"Année 1, 20 mai",1年5月20日,1年5月20日,1年5月20日,,,,,,,,,,,,,,,,,,
Record/Record/ContinuityOfMemory_Desc,Text,,"예상치 못하게 남아 버린 데이터를 삭제하려고 하는 클라인.
하지만 그 때, 한층 더 예상치 못한 일이 클라인을 찾아오는데...","Clyne tente de supprimer des données laissées derrière elles de façon inattendue. 
Mais à cet instant, quelque chose d'encore plus inattendu se produit...","なぜか残されてしまったデータを廃棄しようとしているクライン。
しかし、予想外のことがクラインに訪れる。","克莱因准备删除意外留下的数据。
然而就在这时，更加意外的事情找上了他……","克萊因準備刪除意外留下的資料。
然而就在這時，更意外的事情找上了他……",,,,,,,,,,,,,,,,,,
Record/Record/ContinuityOfMemory_Title,Text,,목격,Témoin,目撃,目击,目擊,,,,,,,,,,,,,,,,,,
Record/Record/ContinuityOfMemory_Year,Text,,Ç}±ßLw÷ö년 4월 29일,"Année Ç}±ßLw÷ö, 29 avril",Ç}±ßLw÷ö年4月29日,Ç}±ßLw÷ö年4月29日,Ç}±ßLw÷ ö年4月29日,,,,,,,,,,,,,,,,,,
Record/Record/DiaryDaughter_Desc,Text,,"방주 프로젝트 총책임자 클라인의 외동딸, 루시가 쓴 일기.
루시는 클라인에 의해 바깥과 완전히 단절된 무미건조한 저택에 갇히게 된다.
루시는 어떻게든 친구들과 다시 만나기 위해 저택을 빠져나가려 하는데...","Le journal de Lucy, fille unique du directeur exécutif Clyne. 
Lucy est enfermée par son père dans un manoir lugubre, totalement coupée du monde extérieur. 
Elle cherche un moyen de s'échapper afin de retrouver ses amis...","アークプロジェクトの総責任者、クラインの一人娘、ルシーが書いた日記。
ルシーはクラインによって外と完全に断絶されている無味乾燥な屋敷に閉じ込められる。
ルシーは何とかしても友達とまた会うために屋敷を抜け出そうとするが…","方舟项目的总负责人克莱因的独生女露西写的日记。
露西被克莱因关在一个与外界完全隔绝的住宅里。
为了重新见到外面的朋友，露西想方设法逃出住宅……","方舟計畫的總負責人克萊因的獨生女露西寫的日記。
露西被克萊因關在一個與外界完全隔絕的住宅。
為了重新見到外面的朋友，露西想辦法逃出住宅……",,,,,,,,,,,,,,,,,,
Record/Record/DiaryDaughter_Title,Text,,딸의 일기,Journal de la fille,娘の日記,女儿的日记,女兒的日記,,,,,,,,,,,,,,,,,,
Record/Record/DiaryDaughter_Year,Text,,(2) 1년 6월 10일,"(2) Année 1, 10 juin",(2)1年6月10日,（2）1年6月10日,（2）1年6月10日,,,,,,,,,,,,,,,,,,
Record/Record/DiaryPapa_Desc,Text,,"방주 프로젝트 총책임자이자, 한 아이의 아버지이기도한 클라인이 쓴 일기.
클라인은 자기 나름대로 딸을 지키기 위해 최선을 다하지만...","Le journal de Clyne, directeur exécutif du projet Arche et père d'une enfant. 
Clyne fait tout son possible pour protéger sa fille à sa manière. Cependant...","アークプロジェクトの総責任者であり、一人娘の父でもあるクラインの日記。
クラインは自分なりに娘を守るために努力するが…","方舟项目的负责人克莱因，同时也是一位父亲写的日记。
克莱因竭尽全力想要以自己的方式保护他的女儿，然而……","方舟計畫的負責人克萊因，同時也是一位父親寫的日記。
克萊因竭盡全力想要以自己的方式保護他的女兒，然而……",,,,,,,,,,,,,,,,,,
Record/Record/DiaryPapa_Title,Text,,아빠의 일기,Journal du père,父の日記,爸爸的日记,爸爸的日記,,,,,,,,,,,,,,,,,,
Record/Record/DiaryPapa_Year,Text,,2년 8월 1일,"Année 2, 1er août",2年8月1日,2年8月1日,2年8月1日,,,,,,,,,,,,,,,,,,
Record/Record/DreamData_Desc,Text,,<No Data>,<Aucune donnée>,<No Data>,<No Data>,<No Data>,,,,,,,,,,,,,,,,,,
Record/Record/DreamData_Title,Text,,연구 자료 - 꿈에 관하여,Dossier de recherche - Rêves,研究資料－夢について,研究资料 - 关于梦,研究資料 - 關於夢,,,,,,,,,,,,,,,,,,
Record/Record/DreamData_Year,Text,,Ç}±ßLwïù년 14월 12일,"Année Ç±ßLwïù, 14 décembre",Ç}±ßLwïù年14月12日,Ç}±ßLwïù年14月12日,Ç}±ßLwï ù年14月12日,,,,,,,,,,,,,,,,,,
Record/Record/FrozenWorld_Desc,Text,,"기억을 되찾은 사람들에게 둘러싸인 절체절명의 상황.
더 이상 프로젝트의 정상적인 진행이 불가능하다고 판단한 클라인은, 가상 세계를 동결시키는데...","Une situation chaotique éclate lorsque certaines personnes retrouvent leurs souvenirs. 
Clyne décide que le projet ne peut plus continuer normalement et fige le monde virtuel...","記憶を取り戻した人々に追いつめられ、絶体絶命の状況に陥ったクラインとフェニックス。
プロジェクトの正常な進行は不可能と判断したクラインは、仮想世界を凍結させてしまう…","研究员们被找回记忆的人逼入了绝境。
由于项目无法继续正常进行，克莱因决定冻结虚拟世界……","研究員們被找回記憶的人逼入了絕境。
由於專案無法繼續正常進行，克萊因決定凍結虛擬世界……",,,,,,,,,,,,,,,,,,
Record/Record/FrozenWorld_Title,Text,,얼어붙은 세계,Monde figé,凍てついた世界,冰冻的世界,冰凍的世界,,,,,,,,,,,,,,,,,,
Record/Record/HiddenHelper_Desc,Text,,"클라인에게 들은 조언을 토대로 배신자의 물약을 찾으려 하는 피닉스.
그 때 우연히 방주의 연구소장 레린을 만나게 되고, 물약을 직접 만들 수 있다는 사실을 깨닫는다.
한편, 기억이 없음이 분명한 레린이 어떠한 거래를 제안하는데...","Après avoir écouté les conseils de Clyne, 
Phoenix part à la recherche de la potion du traître. Grâce à une rencontre fortuite avec Leryn, 
Phoenix découvre que cette potion peut être fabriquée manuellement. 
Cependant, Leryn, qui est pourtant censée n'avoir aucun souvenir, lui propose un certain marché...","クラインの助言通り、裏切り者のポーションを探そうとするフェニックス。
偶然出会ったレーリンとの会話で、
裏切り者のポーションは直接作れると言う事実に気づく。
一方、記憶がないはずのレーリンがある取引を提案してくる…","凤凰听了克莱因的建议，准备着手去寻找背叛者的药水。
正在此时，偶然遇见了方舟的研究所所长雷琳，并从她那里得知可以直接将药水做出来。
而没有记忆的蕾琳提出想要和凤凰做一个交易……","鳳凰聽了克萊因的建議，準備著手去尋找背叛者的藥水。
正在此時，偶然遇見了方舟的研究所所長雷琳，並從她那裡得知可以直接將藥水做出來。
而沒有記憶的蕾琳提出想要和鳳凰做一個交易……",,,,,,,,,,,,,,,,,,
Record/Record/HiddenHelper_Title,Text,,숨은 조력자,L'alliée de l'ombre,謎の助力者,隐藏的帮手,隱藏的幫手,,,,,,,,,,,,,,,,,,
Record/Record/LonelyGuardian_Desc,Text,,"클라인과 함께, 냉각화 현상이 끝날 때까지 동결에 들어가려는 피닉스.
하지만 예기치 못한 문제가 발생하고 만다.","Suivant les recommandations de Clyne, 
Phoenix décide d'entrer en sommeil cryogénique jusqu'à la fin du phénomène de refroidissement climatique mondial. 
Cependant, des problèmes inattendus surviennent.","クラインと共に地球の冷却化が終わるまで、冷凍睡眠に入ろうとするフェニックス。
しかし、予想外の問題が発生する…","凤凰正准备和克莱因一起进入冬眠。
却意外地遇到了问题。","鳳凰正準備和克萊因一起進入冬眠。
卻意外地遇到了問題。",,,,,,,,,,,,,,,,,,
Record/Record/LonelyGuardian_Title,Text,,외로운 파수꾼,Gardien solitaire,孤独な番人,孤独的守望者,孤獨的守望者,,,,,,,,,,,,,,,,,,
Record/Record/LucyDiary_Desc,Text,,"낡고 너덜너덜 거리는 일기장.
일기장 속에는 루시가 무엇을 느끼고, 무슨 생각을 했는지가 적혀 있다.",Un vieux journal usé par le temps. Les pensées et les sentiments de Lucy y sont consignés.,"古くてボロボロの日記帳。
日記帳にはルシーが何を感じて、何を考えていたかが書かれている。","残破不堪的旧日记本。
日记本里写着露西的所思所想。","殘破不堪的舊日記本。
日記本裡寫著露西的想法。",,,,,,,,,,,,,,,,,,
Record/Record/LucyDiary_Title,Text,,루시의 오래된 일기장,L'ancien journal de Lucy,ルシーの古い日記帳,露西的旧日记本,露西的舊日記本,,,,,,,,,,,,,,,,,,
Record/Record/Meeting_Desc,Text,,"광산이 무너지는 사고가 일어나고, 이를 해결하기 위해 연구원들은 긴급대책회의를 갖는다.
회의 끝에 구조 작업에는 '아티팩트'를 사용하기로 하는데...","Les chercheurs tiennent une réunion d'urgence à la suite de l'accident minier. 
Après discussion, ils décident d'utiliser un « Artéfact » pour mener l'opération de sauvetage...","鉱山が崩れる事故が発生し、研究員達は状況を打破するため会議を開く。
その結論として、救助作業には「アーティファクト」が使われることになるが…","发生矿山坍塌的事故后，研究员们召开会议，商讨紧急对策。
最终决定使用“神器”进行救援……","在礦場坍塌的事故後，研究員決定召開會議討論緊急應變計畫。
經過討論最終決定使用「神器」進行救援……",,,,,,,,,,,,,,,,,,
Record/Record/Meeting_Title,Text,,긴급대책회의,Réunion d'urgence,緊急対策会議,紧急对策会议,緊急應變計畫會議,,,,,,,,,,,,,,,,,,
Record/Record/Meeting_Year,Text,,1년 10월 18일,"Année 1, 18 octobre",1年10月18日,1年10月18日,1年10月18日,,,,,,,,,,,,,,,,,,
Record/Record/MemoirsOfClyne_Desc,Text,,"루프를 발동하고, 두 번째 개회식 날을 맞이한 클라인.
클라인은 첫 번째 루프에서 있었던 일들을 정리하며, 배신자에 대해 고민한다.","Après avoir déclenché la Boucle, Clyne revit le jour de la deuxième cérémonie d'ouverture. 
Il repense aux événements de la première boucle et s'interroge sur le traître.","ループを発動させ、二回目の開会式の日を迎えたクライン。
クラインは1週目であったことをまとめながら裏切り者について考える。","克莱因迎来了启动循环以后的第二个开幕式。
克莱因梳理了第一次循环时发生的事情，思考着关于叛徒的问题。","循環啟動，克萊因迎來第二次開幕式。
他梳理了第一次循環時發生的事情，思考著關於叛徒的問題。",,,,,,,,,,,,,,,,,,
Record/Record/MemoirsOfClyne_Title,Text,,클라인의 회고록,Mémoires de Clyne,クラインの回顧録,克莱因的回忆录,克萊因的回憶錄,,,,,,,,,,,,,,,,,,
Record/Record/MemoirsOfClyne_Year,Text,,(2) 1년 5월 6일,"(2) Année 1, 6 mai",(2)1年5月6日,（2）1年5月6日,（2）1年5月6日,,,,,,,,,,,,,,,,,,
Record/Record/MemoryData_Desc,Text,,<No Data>,<Aucune donnée>,<No Data>,<No Data>,<No Data>,,,,,,,,,,,,,,,,,,
Record/Record/MemoryData_Title,Text,,연구 자료 - 기억 데이터에 관하여,Dossier de recherche - Données mémorielles,研究資料－記憶データについて,研究资料 - 关于记忆数据,研究資料 - 關於記憶數據,,,,,,,,,,,,,,,,,,
Record/Record/MemoryData_Year,Text,,Ç}±ßLwïù년 14월 12일,"Année Ç±ßLwïù, 14 décembre",Ç}±ßLwïù年14月12日,Ç}±ßLwïù年14月12日,Ç}±ßLwï ù年14月12日,,,,,,,,,,,,,,,,,,
Record/Record/MineAccident_Desc,Text,,"천연자원을 캐기 위해 광산에서 채굴 활동을 하는 민간인들.
그러나 순간적인 부주의로 인해 광산이 무너지는 사고가 일어나게 된다.","Les citoyens travaillent dans les mines afin d'extraire des ressources naturelles. 
Cependant, la mine s'effondre à la suite d'un simple moment d'inattention.","鉱物を掘り出すため、鉱山で採掘を始めた民間人達。
しかし、作業中に突然、天盤の崩落が発生してしまう…","为了采集天然资源，民间人士在矿山里挖矿。
然而，因工作人员的一时疏忽发生了矿山坍塌的事故。","為了採集天然資源，民間人士在礦場挖礦。
然而，因工作人員的一時疏忽發生了礦山坍塌的事故。",,,,,,,,,,,,,,,,,,
Record/Record/MineAccident_Title,Text,,광산 안에서,Au cœur des mines,鉱山の中で,矿山内,礦場內,,,,,,,,,,,,,,,,,,
Record/Record/MineAccident_Year,Text,,1년 10월 18일,"Année 1, 18 octobre",1年10月18日,1年10月18日,1年10月18日,,,,,,,,,,,,,,,,,,
Record/Record/News2_Desc,Text,,"인류의 대다수가 냉각화 현상으로부터 살아남기 위해 냉동수면을 취하고 있다.
하지만 보급된 냉동수면 포드에 치명적인 결함이 있다는 소문이 퍼진다.","La majeure partie de l'humanité est placée en cryopréservation afin de survivre au phénomène mondial de refroidissement. 
Cependant, des rumeurs circulent selon lesquelles les capsules de cryogénisation fournies présentent un défaut fatal.","地球の冷却化から生き残るため、人類は冷凍睡眠を選んだ。
しかし、普及された冷凍睡眠ポッドに致命的な欠陥があるという噂が広まり…","为了在全球变冷的灾难中活下来，大部分人类选择了冷冻睡眠。
然而，有消息传出冷冻睡眠舱存在致命缺陷。","為了在全球變冷的災難中活下來，大部分人類都選擇了冷凍睡眠。
然而，有消息傳出冷凍睡眠艙有致命缺陷。",,,,,,,,,,,,,,,,,,
Record/Record/News2_Title,Text,,"BH-1412, “치명적인 결함” 발견",BH-1412 : découverte d'un « défaut fatal »,BH-1412の致命的欠陥,BH-1412，被曝出“致命缺陷”,BH-1412，被揭露出「致命缺陷」,,,,,,,,,,,,,,,,,,
Record/Record/News2_Year,Text,,Ç}±ßóüwL년 11월 16일,"Année Ç}±ßóüwL, 16 novembre",Ç}±ßóüwL年11月16日,Ç}±ßóüwL年11月16日,Ç}±ßó üwL年11月16日,,,,,,,,,,,,,,,,,,
Record/Record/News3_Desc,Text,,"NOVA 사에 대한 분노를 표출하는 사람들은 폭도로 변해 테러를 일으킨다.
한때 전 세계로부터 찬양받던 거대한 회사는 그렇게 몰락하게 된다.","Ceux qui nourrissent de la colère envers NOVA se rassemblent en groupes terroristes. 
Cette immense entreprise autrefois acclamée par le monde est désormais au bord de sa chute.","NOVA社に対し怒りをあらわにする人々は暴徒となり、テロを起こす。
 一時は全世界から人類の救世主と呼ばれた会社は没落の一途を辿った。","感到愤怒的民众对NOVA公司发起了恐怖袭击。
曾经受到全世界赞颂的一代巨头就此陨落。","感到憤怒的民眾對NOVA公司發動了恐怖攻擊。
曾經受到全世界讚頌的一代巨人就此隕落。",,,,,,,,,,,,,,,,,,
Record/Record/News3_Title,Text,,불타는 NOVA 본사,Le siège de NOVA en flammes,NOVA社放火事件,大火中的NOVA 总公司,火災中的NOVA 總公司,,,,,,,,,,,,,,,,,,
Record/Record/News3_Year,Text,,Ç}±ßóüwL년 11월 25일,"Année Ç}±ßóüwL, 25 novembre",Ç}±ßóüwL年11月25日,Ç}±ßóüwL年11月25日,Ç}±ßó üwL年11月25日,,,,,,,,,,,,,,,,,,
Record/Record/News4_Desc,Text,,"NOVA 사의 CEO가 스스로 목숨을 끊은 사건에 대해 다루고 있는 뉴스 기사.
냉동수면 포드에 관한 기사가 그를 어디까지 궁지로 내몬 것일까.","Un article de presse consacré au récent suicide de Peter, PDG de NOVA. 
Jusqu'où les révélations sur les capsules de cryogénisation l'ont-elles poussé ?","NOVA社のCEOが自殺した件に関するニュース。
冷凍睡眠ポッドの記事が彼をどこまで窮地に追い込んだのだろうか。","关于NOVA公司的CEO自杀身亡的新闻报道。
冷冻睡眠舱的报道似乎将他推向了绝路。","關於NOVA公司的CEO自殺身亡的新聞報導。
冷凍睡眠艙的報導似乎將他推向了絕路。",,,,,,,,,,,,,,,,,,
Record/Record/News4_Title,Text,,"NOVA 사 CEO, 숨진 채 발견",Le PDG de NOVA retrouvé mort,NOVA社、CEOの死亡,NOVA公司CEO自杀身亡,NOVA公司CEO自殺身亡,,,,,,,,,,,,,,,,,,
Record/Record/News4_Year,Text,,Ç}±ßóüwL년 12월 25일,"Année Ç}±ßóüwL, 25 décembre",Ç}±ßóüwL年12月25日,Ç}±ßóüwL年12月25日,Ç}±ßó üwL年12月25日,,,,,,,,,,,,,,,,,,
Record/Record/News_Desc,Text,,"이상기후에 관한 기사를 스크랩한 뉴스 기사다.
혹한의 추위와 함께 지구가 얼어붙어가는 '냉각화 현상'에 대해 적혀 있다.","Un reportage d'actualité extrait d'un article consacré aux anomalies climatiques. 
Il décrit le « phénomène mondial de refroidissement », susceptible de plonger la Terre dans une nouvelle ère glaciaire sous l'effet d'un froid extrême.","異常気象に関連する記事をスクラップしたファイルだ。
あり得ない寒さで地球が凍っていく「冷却化現象」について書かれている。","从报纸上剪下来的有关异常气候的新闻报道。
上面写着异常气候所带来的“冷却现象”正在使全球变冷。","從報紙上剪下來的有關異常氣候的新聞報導。
上面寫著異常氣候所帶來的『冷卻現象』正在使全球變冷。",,,,,,,,,,,,,,,,,,
Record/Record/News_Title,Text,,"이상기후 지속... ""슈퍼 빙하기""온다",Les anomalies climatiques persistent : « Une super ère glaciaire approche. »,続く異常気象…「スーパー氷河期」,异常气候持续……“超级冰河期”来袭,異常氣候持續……「超級冰河期」來襲,,,,,,,,,,,,,,,,,,
Record/Record/News_Year,Text,,Ç}±ßLwóü년 8월 7일,"Année Ç}±ßLwóü, 7 août",Ç}±ßLwóü年8月7日,Ç}±ßLwóü年8月7日,Ç}±ßLwó ü年8月7日,,,,,,,,,,,,,,,,,,
Record/Record/NextDay_Desc,Text,,"개회식이 무사히 끝난 다음 날 아침, 연구원 헤인은 개회식 당시 민간인들의 반응이 상상했던 것과 달라 기가 죽어 있다.
애니와 시즈는 모두가 그런 것은 아니라며 그를 다독여 준다.","Le lendemain de la cérémonie d'ouverture, 
le chercheur Hein est découragé de constater que les réactions des civils sont très différentes de ce qu'il avait imaginé. 
Annie et Sizz tentent de le rassurer en lui rappelant que tout le monde n'est pas opposé au projet.","開会式が無事に終わった翌朝。
研究員のヘインは、開会式の民間人達の反応が期待外れだったことに落ち込んでいる。
アニーとシズはそんなヘインを慰める。","开幕式顺利结束后的第二天早晨，研究员海因一副垂头丧气的样子，原因是开幕式的时候民间人士的反应跟他想象的不一样。
安妮和西斯安慰他并不是所有人都这样。","開幕式順利結束後的第二天早晨，研究員海因一副垂頭喪氣的樣子，原因是開幕式的時候民間人士的反應跟他想像的不一樣。
安妮和西斯安慰他不是所有人都這樣。",,,,,,,,,,,,,,,,,,
Record/Record/NextDay_Title,Text,,"방주 프로젝트, 둘째 날",Deuxième jour du projet Arche,アークプロジェクト、二日目。,方舟项目，第二天,方舟計畫，第二天,,,,,,,,,,,,,,,,,,
Record/Record/NextDay_Year,Text,,1년 5월 7일,"Année 1, 7 mai",1年5月7日,1年5月7日,1年5月7日,,,,,,,,,,,,,,,,,,
Record/Record/ObservingHaru_Desc,Text,,"방주 프로젝트 관계자 중, ""하루""라는 인원에 대해 클라인이 남긴 기록.
소중한 동료 중 하나였고, 기후학자로서 우수한 인재이기도 했던 그녀는 모종의 이유로 클라인에게 감시당하고 있었다.","Les notes de Clyne au sujet d'une certaine « Haru », 
Membre du personnel du projet Arche. 
Collègue de confiance et brillante climatologue, elle est discrètement observée par Clyne pour une raison inconnue.","アークプロジェクトの関係者、「ハル」についてクラインが残した記録。
大切な仲間であり優秀な気候学者でもあった彼女は
ある理由でクラインに監視されていた。","克莱因留下的记录，内容与方舟的工作人员“哈鲁”有关。
哈鲁是重要的同伴之一，也是优秀的气候学家，她因某些原因被克莱因监视着。","克萊因留下的記錄，內容與方舟的工作人員「哈魯」有關。
哈魯是重要的同伴之一，也是優秀的氣候學家，她因某些原因被克萊因監視著。",,,,,,,,,,,,,,,,,,
Record/Record/ObservingHaru_Title,Text,,관찰기록 : 하루,Dossier d'observation : Haru,観察記録：ハル,观察记录：哈鲁,觀察記錄：哈魯,,,,,,,,,,,,,,,,,,
Record/Record/ObservingHaru_Year,Text,,1년 6월 15일,"Année 1, 15 juin",1年6月15日,1年6月15日,1年6月15日,,,,,,,,,,,,,,,,,,
Record/Record/OldDiary2_Desc,Text,,"아주 오랜 시간에 걸쳐져 쓰인 듯한 일지, 그 2편.
잊혀진 왕이 되어버린 클라인과 대화한 이후, 아자르는 굉장히 혼란스러워하고 있다.","Un journal qui semble avoir été utilisé pendant très longtemps, Deuxième partie. 
Après sa discussion avec Clyne, devenu le Roi Oublié, Azar est profondément tourmenté.","非常に長い間にわたって書かれたように見える日誌。その2。
忘れられた王になってしまったクラインとの対面後、アザールは混乱していたようだ。","似乎记录了很长时间的日志（第二篇）
在和变成被遗忘的王的克莱因谈话后，阿扎尔感到内心十分混乱。","似乎記錄了很久的日誌（第二篇）
在和變成被遺忘的王的克萊因談話後，阿札爾感到內心十分混亂。",,,,,,,,,,,,,,,,,,
Record/Record/OldDiary2_Title,Text,,오래된 일지 #2,Ancien journal n°2,古びた日誌#2,破旧的日志#2,破舊的日誌#2,,,,,,,,,,,,,,,,,,
Record/Record/OldDiary_Desc,Text,,"아주 오랜 시간에 걸쳐져 쓰인 듯한 일지. 필자는 아자르로 추정됨.
처음엔 루시에 대한 기록 위주로 서술되어 있으나, 점점 자기 자신에 대해 고민하는 모습을 보인다.","Un journal qui semble avoir été utilisé pendant très longtemps. 
Son auteur serait Azar. Les premières pages parlent surtout de Lucy, 
Mais les suivantes prennent un ton beaucoup plus introspectif.","非常に長い間にわたって書かれたように見える日誌。筆者はアザールと推測される。
最初はルシーについての記録が中心だが、
次第に自分自身の悩みについての内容が多くなっていく。","似乎记录了很长时间的日志，推测是阿扎尔写的。
刚开始主要是关于露西的记录，但后面逐渐变成对自身的思考。","看起來記錄了很久的日誌，似乎是阿札爾寫的。
剛開始主要是關於露西的記錄，但後面逐漸變成對自身的思考。",,,,,,,,,,,,,,,,,,
Record/Record/OldDiary_Title,Text,,오래된 일지 #1,Ancien journal n°1,古びた日誌#1,破旧的日志#1,破舊的日誌#1,,,,,,,,,,,,,,,,,,
Record/Record/OldPicture_Desc,Text,,"어느 따뜻한 날에 친구들끼리 다 함께 찍은 듯한 사진. 찍고 나서 상당히 시간이 지났는지, 낡고 빛이 바랜 상태다.","Une photo prise d'un groupe d'amis lors d'une chaude journée. Elle semble dater de très longtemps, car l'image commence à s'effacer.","ある暖かい日に、みんなで撮影したらしき写真。
随分古い物のようで、ボロボロで色褪せている。",在某个风和日丽的天气拍摄的合照，可能是过去了很长时间，照片已经褪色。,在某個風和日麗的天氣拍攝的合照，可能是因為年代久遠，照片已經褪色。,,,,,,,,,,,,,,,,,,
Record/Record/OldPicture_Title,Text,,빛 바랜 사진,Photo fanée,色褪せた写真,褪色的照片,褪色的照片,,,,,,,,,,,,,,,,,,
Record/Record/OldPicture_Year,Text,,1년 5월 15일,"Année 1, 15 mai",1年5月15日,1年5月15日,1年5月15日,,,,,,,,,,,,,,,,,,
Record/Record/OpCeremony_Desc,Text,,"많은 사람들의 노력이 일궈낸 '방주 프로젝트'가 무사히 시작되었다.
그러나 개회식에서, 사람들은 방주가 천국과도 같은 낙원이 아닌, 지금부터 살아가게 될 또 하나의 현실이라는 사실을 깨닫게 된다.","Le projet Arche, fruit d'innombrables efforts et de talents réunis, est lancé avec succès. 
Cependant, lors de la cérémonie d'ouverture, les civils réalisent que l'Arche n'est pas un paradis, mais une nouvelle réalité dans laquelle ils devront continuer à lutter.","多くの人々の努力が実り、「アークプロジェクト」が無事に開始された。
しかし開会式で、アークとは楽園ではなく、
今から生きていく新しい現実だという事実を、人々は悟ることになる。","耗费无数人的心血建立起来的“方舟项目”顺利启动。
但在开幕式中，人们开始明白方舟并不是如天堂般的乐园，而是将要面对的另一个现实。","耗費無數人的心血建立起來的「方舟計畫」順利啟動。
但在開幕式中，人們開始明白方舟不是如天堂般的樂園，
而是今後為了活下去將要面對的另一個現實。",,,,,,,,,,,,,,,,,,
Record/Record/OpCeremony_Title,Text,,개회식,Cérémonie d'ouverture,開会式,开幕式,開幕式,,,,,,,,,,,,,,,,,,
Record/Record/OpCeremony_Year,Text,,1년 5월 6일,"Année 1, 6 mai",1年5月6日,1年5月6日,1年5月6日,,,,,,,,,,,,,,,,,,
Record/Record/PhoenixAdventure_Desc,Text,,동결된 가상 세계에서 외로이 방주를 지키고 있는 피닉스를 담은 기록물,Un documentaire montrant Phoenix veillant seul sur l'Arche dans un monde virtuel figé par le froid.,凍てついた仮想世界で一人寂しくアークを守り続ける、フェニックスの姿を追った記録。,记录着在被冻结的虚拟世界里独自守护着方舟的凤凰。,記錄著在被凍結的虛擬世界裡獨自守護方舟的鳳凰。,,,,,,,,,,,,,,,,,,
Record/Record/PhoenixAdventure_Title,Text,,피닉스의 모험,L'aventure de Phoenix,フェニックスの冒険,凤凰的冒险,鳳凰的冒險,,,,,,,,,,,,,,,,,,
Record/Record/PhoenixAwakening_Desc,Text,,"언제나처럼 멈춰 있는 방주에서 시간을 보내는 피닉스.
그러나 지난 번 클라인과 재회한 이후 줄곧 마음에 담아 두고 있던 불안감에 악몽까지 꾸게 된다.
피닉스는 점차 자신이 살아 있다는 실감을 하게 되고, 충동적으로 현실 세계의 무인 로봇을 이용해 돌이킬 수 없는 짓을 저지르고 만다.","Phoenix passe, comme toujours, ses journées dans l'Arche figée par le froid. 
Cependant, l'angoisse qui le hante depuis ses retrouvailles avec Clyne finit par se transformer en cauchemars. 
Peu à peu, Phoenix prend conscience de son attachement à la vie et, sous le coup de l'impulsion, commet un acte irréversible à l'aide d'un robot autonome.","いつものように停止したアークで時を過ごすフェニックス。
しかし前回のクラインとの再会以後、
心の奥に秘めていた不安に苛み、悪夢まで見るようになっていた。
自分の忌まわしい過去に回帰することを恐れたフェニックスは、遂には衝動的に
現実世界の無人ロボットを利用して取り返しのつかないことまでやってしまう。","凤凰像往常一样在停滞的方舟消磨着时间。
但上一次和克莱因重逢后，强烈地不安甚至让凤凰做起了噩梦。
凤凰想要活下去的执念逐渐变得强烈，最终冲动的凤凰使用现实世界的机器人犯下了无可挽回的事情。","鳳凰像往常一樣在停滯的方舟消磨時間。
但上一次和克萊因重逢後，強烈不安甚至讓鳳凰做起了惡夢。
鳳凰想要活下去的執念逐漸變得強烈，最終衝動的鳳凰使用現實世界的機器人犯下了無可挽回的事情。",,,,,,,,,,,,,,,,,,
Record/Record/PhoenixAwakening_Title,Text,,피닉스의 재탄생,La renaissance de Phoenix,フェニックス再誕,凤凰的重生,鳳凰的重生,,,,,,,,,,,,,,,,,,
Record/Record/PotionDevelopmentDiary_Desc,Text,,"배신자의 물약을 만들기 위해 함께 분투하는 피닉스와 레린.
두 사람은 셀 수 없는 경우의 수와 실낱 같은 가능성을 뚫기 위해 노력한다.","Phoenix et Leryn unissent leurs forces pour créer la potion du traître. 
Ils travaillent sans relâche, explorant d'innombrables possibilités afin de saisir la plus infime chance de réussite.","裏切り者のポーションを作るために奮闘するフェニックスとレーリン。
二人は数え切れないほど多くの試行を繰り返し、一縷の望みを繋ごうと努力する。","凤凰和蕾琳为了制作背叛者的药水而一起努力着。
两个人不停尝试着数不清的组合，在一丝丝可能性中寻找着一线希望。","鳳凰和蕾琳為了製作背叛者的藥水而一起努力。
兩個人不停地嘗試數不清的組合，在一絲可能性中尋找著一線希望。",,,,,,,,,,,,,,,,,,
Record/Record/PotionDevelopmentDiary_Title,Text,,물약 개발 일지,Journal du développement de la potion,ポーション開発日誌,药水研发日志,藥水研發日誌,,,,,,,,,,,,,,,,,,
Record/Record/Project2_Desc,Text,,"정체를 알 수 없는 '대재앙'으로부터 살아남기 위해, 클라인이라는 남자는 한 프로젝트를 시작했다.
'방주 프로젝트'라고 명명된 이 프로젝트라면, 안전하고 확실하게 대재앙으로부터 살아남을 수 있다고 한다.","Afin de survivre à la « Grande Catastrophe » imprévue, un homme nommé Clyne lance un projet. 
Selon lui, ce « projet Arche » constitue le moyen le plus sûr et le plus fiable de survivre à la catastrophe.","得体の知れない「厄災」から生き残るため、
クラインという男があるプロジェクトを企画した。
「アークプロジェクト」と名付けられたこのプロジェクトなら、
安全かつ確実に厄災から生き残れるという。","为了从不明原因的“大灾难”中活下来，克莱因启动了一个项目。
据说这个被命名为“方舟”的项目，能够确保人类安全地从大灾难中存活。","為了從不明原因的『大災難』中活下來，克萊因啟動了一個計畫。
據說這個被命名為『方舟』的計畫，能夠確保人類安全地從大災難中存活。",,,,,,,,,,,,,,,,,,
Record/Record/Project2_Title,Text,,프로젝트 소개,Présentation du projet,プロジェクトの紹介,项目介绍,計畫介紹,,,,,,,,,,,,,,,,,,
Record/Record/Project2_Year,Text,,Ç}±ßLwóý년 11월 15일,"Année Ç}±ßLwóý, 15 novembre",Ç}±ßLwóý年11月15日,Ç}±ßLwóý年11月15日,Ç}±ßLwó ý年11月15日,,,,,,,,,,,,,,,,,,
Record/Record/ProjectProgress_Desc,Text,,"순조롭게 진행되고 있는 '방주 프로젝트'.
책임자 클라인은 자기 보신하기 바쁜 다른 프로젝트와 달리, 자신의 프로젝트로 인류를 구할 것이라고 조용히 다짐한다.
한편, 프로젝트에 치명적인 문제점이 있다며 상담을 요청한 사람이 있었다고 하는데...","Le « projet Arche » progresse sans encombre. 
Son directeur exécutif, Clyne, s'est discrètement juré de sauver l'humanité grâce à son projet, contrairement à d'autres qui ne cherchent que leur propre intérêt. 
Cependant, quelqu'un demande à le rencontrer, affirmant avoir découvert une faille critique dans le projet...","順調に進む「アークプロジェクト」。
総責任者であるクラインは、我が身の安全だけを考えた他のプロジェクトとは違う、
地球を救うためのプロジェクトを築きあげてみせると静かに決意する。
一方、プロジェクトに致命的な問題があると相談を持ち込んだ人物がいたらしいが…。","“方舟项目”正在顺利进行。
负责人克莱因称他的项目和其它只顾保全自己的项目不同，他决意要通过自己的项目拯救人类。
另外，据说有一个人认为项目中存在致命的问题，想要和克莱因谈谈……","「方舟計畫」正在順利進行中。
負責人克萊因稱他的計畫和其它只顧保全自己的計畫不同，他決意要透過自己的計畫拯救人類。
另外，據說有一個人認為計畫中存在致命的問題，想要和克萊因談談……",,,,,,,,,,,,,,,,,,
Record/Record/ProjectProgress_Title,Text,,프로젝트 진행상황,Avancement du projet,プロジェクトの現状,项目进展,專案進度,,,,,,,,,,,,,,,,,,
Record/Record/ProjectProgress_Year,Text,,Ç}±ßLw÷년 3월 20일,"Année Ç}±ßLw÷õ, 20 mars",Ç}±ßLw÷年3月20日,Ç}±ßLw÷年3月20日,Ç}±ßLw÷ 年3月20日,,,,,,,,,,,,,,,,,,
Record/Record/ReunionAfterCentury_Desc,Text,,"동결하지 않고 있던 피닉스는 150여년 만에 동결에서 깨어난 클라인과 재회한다.
바깥의 온도가 높아지면서 방주 프로젝트를 끝낼 수 있을지도 모른다는 기대감도 잠시, 가상 세계에서의 생활이 끝난다는 것에 위화감을 느끼는 피닉스. 프로젝트가 확실하게 끝을 향해 나아가고 있다는 클라인의 말에 피닉스는 잊고 있던 현실 감각을 떠올리게 된다.","Phoenix, qui n'a jamais été placé en sommeil cryogénique, retrouve Clyne après cent cinquante ans. 
Alors que la température extérieure remonte, la joie de Phoenix d'avoir mené le projet Arche à son terme est de courte durée. 
Elle laisse rapidement place à un profond malaise : la vie dans ce monde virtuel touche bientôt à sa fin. 
Lorsque Clyne lui affirme que le projet approche bel et bien de son dénouement, Phoenix retrouve le sentiment de réalité qu'il avait perdu.","冷凍睡眠に入れなかったフェニックスは、150年ぶりに目覚めたクラインと再会する。
外の気温が上昇し、アークプロジェクトも終わるかもしれないという期待も束の間、
仮想世界での生活が終わることに違和感を覚えるフェニックス。
プロジェクトが着実に終わりに向かっているというクラインの言葉で、
忘れていた現実を思い出す。","没有进入冬眠的凤凰再次见到了从150多年的沉眠中苏醒过来的克莱因。
随着外面的温度开始升高，方舟项目的完结似乎指日可待，然而这种期待转瞬即逝，对结束虚拟世界的生活感到恐惧的凤凰，在听到克莱因说项目正在走向尽头以后，逐渐恢复了对现实的感知。","沒有進入冬眠的鳳凰再次見到了從150多年的沉眠中甦醒過來的克萊因。
隨著外面的溫度開始升高，方舟計畫的結束似乎指日可待，然而這種期待轉瞬即逝，對結束虛擬世界的生活感到恐懼的鳳凰，在聽到克萊因說計畫正在走向盡頭以後，逐漸恢復了對現實的感知。",,,,,,,,,,,,,,,,,,
Record/Record/ReunionAfterCentury_Title,Text,,1세기만의 재회,Retrouvailles d'un siècle et demi,1世紀ぶりの再会,一个世纪后的重逢,一個世紀後的重逢,,,,,,,,,,,,,,,,,,
Record/Record/SecretReunion_Desc,Text,,"붉은 황야에서 한 순간이나마 기억을 되찾았던 루시를 보고 뭔가를 결심한 피닉스.
세계가 바뀐 이후 수 년 만에 다시 만난 클라인에게, 피닉스는 조언을 구한다.","Après avoir vu Lucy retrouver brièvement la mémoire dans les Terres Pourpres, Phoenix décide d'agir.
De nombreuses années après que le monde a changé, il retrouve Clyne afin de lui demander conseil.","赤い荒野で一瞬だけ記憶を取り戻したルシーを見て、何かを決心したフェニックス。
ループ後の新たな世界で、久しぶりに再会したクラインに助言を求める。","在红色荒野里，看到短暂恢复记忆的露西后，凤凰暗暗下了决心。
在世界改变后的这几年来，凤凰第一次见了克莱因，希望能得到他的建议。","在紅色荒野裡，看到短暫恢復記憶的露西後，鳳凰暗暗下了決心。
在世界改變後的這幾年來，鳳凰第一次見到了克萊因，希望得到他的建議。",,,,,,,,,,,,,,,,,,
Record/Record/SecretReunion_Title,Text,,비밀스런 해후,Retrouvailles secrètes,めぐり合い,神秘的邂逅,神秘的邂逅,,,,,,,,,,,,,,,,,,
Record/Record/SecurityReport_Desc,Text,,"광산에서 일어난 사고에 대한 보안팀의 후속 처리 보고서.
아이언 하트 팀의 대장이자 방주 프로젝트의 보안팀장인 베베가 직접 보고서를 작성하고 있다.","Le rapport de suivi de l'équipe de sécurité concernant l'incident survenu dans les mines. 
Ce rapport est rédigé par Bebe, capitaine de l'équipe Ironheart et chef de l'équipe de sécurité du projet Arche.","鉱山で事故に対するセキュリティ チームのレポート。
アイアンハートの隊長でありセキュリティチームのチーフであるべべが
直々にレポートを書いている。","安保组提交的关于矿山事故的后续处理报告。
由钢铁之心队的队长兼方舟项目的安保组组长贝贝亲自撰写。","警備組提交的關於礦場事故的後續處理報告。
由鋼鐵之心隊的隊長兼方舟計畫的警備組組長貝貝親自撰寫。",,,,,,,,,,,,,,,,,,
Record/Record/SecurityReport_Title,Text,,보안팀 업무 보고서,Rapport d'intervention de l'équipe de sécurité,セキュリティチームのレポート,安保组工作报告,警備組工作報告,,,,,,,,,,,,,,,,,,
Record/Record/SecurityReport_Year,Text,,1년 11월 9일,"Année 1, 9 novembre",1年11月9日,1年11月9日,1年11月9日,,,,,,,,,,,,,,,,,,
Record/Record/StoryOfMyLife_Desc,Text,,"누군가에게 자신의 과거 이야기를 해주는 치요. 유전자 기술로 유명한 치요의 모국에는 이해하기 힘든 법률이 있었고, 그 대상자였던 치요는 예정된 죽음에 저항하기 위해, 범죄에까지 손을 대며 살아남기 위해 발버둥쳤다. 하지만 그 대가는 잔혹했고, 모든 것이 끝났다고 생각한 마지막 순간 한 남자가 치요를 찾아왔다.","Chiyo raconte à quelqu'un une partie de son passé. 
Son pays natal, réputé pour ses avancées en génétique, appliquait une loi incompréhensible à laquelle elle était soumise. 
Pour échapper à la mort qui lui était destinée, Chiyo s'est désespérément battue pour survivre, allant jusqu'à sombrer dans la criminalité. 
Mais ce choix eut un prix cruel, et alors qu'elle pensait que tout était perdu, un certain homme vint à sa rencontre.","誰かに自分の過去を語るチヨ。遺伝学で有名なチヨの母国には
常識では考えられない法律があり、その法律の対象者であったチヨは
予定された死に抵抗するため、犯罪に手を染めてまで生き残ろうと足掻いた。
しかしその代価は残酷なものだった。
全てが終わったと思った瞬間、ある男がチヨの元を訪れる。",七曜向某人诉说着自己的过去。七曜的祖国以基因技术而闻名，这个国家有一条常人难以理解的法律，作为这条法律的限制对象，七曜因此面临死亡威胁，为了能够活下去，七曜一直都在拼命挣扎。然而，代价是如此的残酷，就在七曜觉得一切都结束了的时候，一个男人找到了她。,七曜向某一個人訴說著自己的過去。鳳凰的祖國以基因技術而聞名，這個國家有一條常人難以理解的法律，作為這條法律的限制對象，面臨著死亡的七曜為了能夠活下來而拼命掙扎。然而，代價是如此的殘酷，在她覺得一切都結束了的時候，一個男人找到了她。,,,,,,,,,,,,,,,,,,
Record/Record/StoryOfMyLife_Title,Text,,치요의 이야기,L'histoire de Chiyo,チヨの物語,七曜的故事,七曜的故事,,,,,,,,,,,,,,,,,,
Record/Record/StoryOfMyLife_Year,Text,,1년 7월 5일,"Année 1, 5 juillet",1年7月5日,1年7月5日,1年7月5日,,,,,,,,,,,,,,,,,,
Record/Record/SuspiciousMeeting_Desc,Text,,"동결 중인 방주에서 인원 점검을 하던 피닉스는, 과거 자신들이 붙잡았던 배신자와 다시 마주하게 된다.
하지만 동결되었어야 했던 배신자는 무슨 이유인지 깨어 있었고, 피닉스에게 어떤 얘기를 하기 시작하는데...","Alors qu'il effectue une inspection du personnel dans l'Arche gelée, Phoenix se retrouve face au traître qu'il avait capturé autrefois. 
Pourtant, celui-ci, qui aurait dû être plongé dans le sommeil cryogénique, est parfaitement éveillé et entame une conversation avec Phoenix...","凍てついたアークの中で人員点検をしていたフェニックスは、
かつて皆で力を合わせて捕まえた裏切り者と再び対面する。
しかし、凍結されているはずだった裏切り者はなぜか起きていて、
フェニックスにある話を持ち掛けてくる。","在被冻结的方舟里清点人员的凤凰，遇到了以前被他们亲手逮捕进监狱的叛徒。
但本该被冻结的叛徒不知为何是醒着的，并且对凤凰说……","在被凍結的方舟裡清點人員的鳳凰，遇到了以前被他們親手逮捕進監獄的叛徒。
但本該被凍結的叛徒不知為何是醒著的，並且對鳳凰說……",,,,,,,,,,,,,,,,,,
Record/Record/SuspiciousMeeting_Title,Text,,수상한 면회,Une rencontre suspecte,怪しい面会,奇怪的会晤,奇怪的會晤,,,,,,,,,,,,,,,,,,
Record/Record/WarmDay_Desc,Text,,"따뜻한 햇살 아래서 일광욕을 하고 있는 루시와 그 친구들.
불과 며칠 전까지 추위에 떨며 살아가던 시절이 거짓말처럼 느껴질 정도로, 포근한 날씨를 즐기며 행복한 시간을 보내고 있다.",Lucy et ses amis profitent de la chaleur du soleil. Ils savourent ce temps agréable comme si les jours passés à grelotter de froid n'avaient jamais existé.,"暖かい日差しの下で日光を浴びているルシーと仲間達。
数日前までは寒さで震えていたことがまるで嘘のような、麗らかな一日を満喫している。","在温暖的阳光下享受日光浴的露西和她的朋友们。
他们在风和日丽的天气里尽情享受着幸福的时光，仿佛过去在冰天雪地中瑟瑟发抖的生活只不过是一场梦。","在溫暖的陽光下享受日光浴的露西和她的朋友。
他們在風和日麗的天氣裡盡情享受著幸福的時光，彷彿過去在冰天雪地中瑟瑟發抖的生活只不過是一場夢。",,,,,,,,,,,,,,,,,,
Record/Record/WarmDay_Title,Text,,따스한 날,Une journée ensoleillée,暖かい日,温暖的一天,溫暖的一天,,,,,,,,,,,,,,,,,,
Record/Record/WarmDay_Year,Text,,1년 5월 15일,"Année 1, 15 mai",1年5月15日,1年5月15日,1年5月15日,,,,,,,,,,,,,,,,,,
Record/Record/With66as7JWI_Desc,Text,,"어딘가에서 찍은 사진.
환하게 웃고 있는 금발의 여성과, 수줍어 보이는 안경 쓴 여성이 찍혀 있다.",Une photographie prise dans un lieu non identifié. On y voit une femme blonde au sourire éclatant aux côtés d'une femme à lunettes qui semble plutôt timide.,"どこかで撮られた写真。
にっこりと笑っている金髪の女性と、照れている眼鏡の女性が写っている。","在某处拍摄的照片
照片里是笑容灿烂的金发女人和看起来有些害羞的戴眼镜的女人。","在某處拍攝的照片
照片裡是笑容燦爛的金髮女子和看起來有些害羞的戴眼鏡的女人。",,,,,,,,,,,,,,,,,,
Record/Record/With66as7JWI_Title,Text,,66as7JWI과 함께!,Aux côtés de 66as7JW !,66as7JWIと共に！,和66as7JWI一起！,和66as7JWI一起！,,,,,,,,,,,,,,,,,,
Record/Record/With66as7JWI_Year,Text,,Ç}±ßLw÷ö년 4월 9일,"Année Ç}±ßLw÷ö, 9 avril",Ç}±ßLw÷ö年4月9日,Ç}±ßLw÷ö年4月9日,Ç}±ßLw÷ ö年4月9日,,,,,,,,,,,,,,,,,,
Record/Replay/AzarArchive_Desc,Text,,"숨겨져 있던 비밀 구역, 붉은 황야를 찾은 아자르와 루시.
아자르는 이곳에 남겨져 있던 아카이브에서 마스터를 깨울 단서를 찾는다.
그러나 클라인이 말한 단서는 찾을 수 없었고, 알 수 없는 기억만이 그의 뇌리를 스치는데...
한편, 혼자 남겨진 루시는 가동 중인 아카이브를 보게 되고, 뒤늦게 쫓아온 피닉스와 마주친다.","Azar et Lucy se rendent dans une zone secrète : les Terres Pourpres.
Azar pénètre dans les Archives, abandonnées depuis longtemps, afin d'y chercher des indices sur la manière d'éveiller le Maître.
Cependant, il ne parvient pas à trouver les indices dont Clyne lui avait parlé, et seuls des souvenirs qui ne lui appartiennent pas traversent son esprit...
Restée sans surveillance, Lucy découvre les secrets cachés des Archives. Elle y affronte Phoenix, qui les suivait dans l'ombre.","隠されていた秘密の赤い荒野にたどり着いたアザールとルシー。
アザールはここに残されていたアーカイブからマスターを起こす手がかりを探す。
しかし、クラインが口にした手がかりは見つからず、未知の記憶が彼の脳裏をよぎる。
一方、一人で残されていたルシーは、アザールが起動したままのアーカイブルームへと
入り込んでしまい、そしてそこで二人の後を追っていたフェニックスと対面してしまう。","阿扎尔和露西来到了被隐藏的秘密区域——红色荒野。
阿扎尔来到留下此地的档案馆，想要寻找唤醒管理员的线索。
但他找不到克莱因所说的线索，只有未知的记忆浮现在他的脑海……
另一边，露西看到了正在运行的档案馆，并和姗姗来迟的凤凰相遇。","阿札爾和露西來到了被隱藏的秘密區域——紅色荒野。
阿札爾來到遺留此地的檔案館，想要尋找喚醒管理員的線索。
但他找不到克萊因所說的線索，只有未知的記憶浮現在他的腦海……
另一邊，露西看到了正在運作的檔案館，並和姍姍來遲的鳳凰相遇。",,,,,,,,,,,,,,,,,,
Record/Replay/AzarArchive_Title,Text,,감춰진 진실,Vérités cachées,隠された真実,隐藏的真相,隱藏的真相,,,,,,,,,,,,,,,,,,
Record/Replay/AzarPhoenixDialogue_Desc,Text,,"이것은, 수천 번 넘게 루프하며 겪어온 아자르의 기억.
점점 무의미한 루프에 지쳐가던 아자르는 루시의 성장을 눈여겨 보고, 더 나아가 무언가의 결심을 한다.
피닉스는 그런 아자르에게 경고를 보내지만, 아자르의 마음은 바뀌지 않는다...","Les souvenirs d'Azar après avoir traversé des milliers de boucles. 
Épuisé par ce cycle sans fin et dénué de sens, 
Azar remarque néanmoins l'évolution de Lucy et décide de suivre une nouvelle voie. 
Phoenix tente de le mettre en garde, mais Azar reste inflexible...","これは、何千回ものループを越えてきたアザールの記憶。
意味のないループに疲れ果てたアザールは、
ルシーの成長を目の当たりにして何かを決意する。
フェニックスはそんなアザールに忠告するが、アザールの心は変わらない…。","这是经历了数千次循环的阿扎尔的记忆。
对毫无意义的循环感到厌倦的阿扎尔注意到了露西的成长，他很快下定了决心。
凤凰警告阿扎尔，但他并不打算改变主意……","這是經歷了數千次循環的阿札爾的記憶。
對毫無意義的循環感到厭倦的阿札爾注意到了露西的成長，他很快就下定了決心。
鳳凰警告阿札爾，但他並不打算改變主意……",,,,,,,,,,,,,,,,,,
Record/Replay/AzarPhoenixDialogue_Title,Text,,변하지 않는 풍경,Paysage immuable,変わらない景色,不变的风景,不變的風景,,,,,,,,,,,,,,,,,,
Record/Replay/CasinoDLCStory_Desc,Text,,"자신과 똑같이 생긴 또 하나의 자신, ‘도플갱어’에 대한 진상을 쫓고 있는 나르한.
그리고 루시는 이 자리에 있을 리가 없는 또 하나의 나르한을 만나게 된다.
명백하게 부자연스러운 분위기를 풍기는 나르한은 루시 일행을 어떤 카지노로 초대하고, 그곳에서 타임 셰이드를 걸고 게임을 제안하는데...","Narhan est en quête de la vérité au sujet de son « double », 
une autre version de lui-même qui lui ressemble trait pour trait. 
Lucy tombe par hasard sur cet autre Narhan, qui n'a pourtant aucune raison de se trouver ici. 
Dégageant une aura profondément inquiétante, Narhan invite Lucy dans un casino où les Éclats du Temps sont mis en jeu...","自分と同じ姿をしたもう一人の自分『ドッペルゲンガー』の
真相を追い求めているナールハン。 
そしてルシーはこの場にいるはずのないもう一人のナールハンに出会う。
明らかに怪しい雰囲気を漂わせるもう一人のナールハンは、
ルシー一行をあるカジノに招待し、そこでタイムシェイドを賭けてゲームを提案する…。","纳尔汗正在调查关于他的二重身——那个与他长得一模一样的人的真相。
不久后露西便在扭曲之地遇到了纳尔汗，但他不应该出现在这里。
这个纳尔汗身上明显散发着诡异的气息，他邀请露西一行人前往一座神秘的赌场，并提议以时空之影作为赌注玩一场游戏。","納爾汗正在尋找關於他的分身的真相——另一個和他長得一模一樣的人。
露西隨即遇到了另一個納爾汗，一個不該出現在這裡的人。
納爾汗身上散發著明顯不自然的氣息，他邀請露西一行人去賭場，並提議將時空之影作為賭注玩一場遊戲。",,,,,,,,,,,,,,,,,,
Record/Replay/CasinoDLCStory_Title,Text,,하이 롤러,Joueur invétéré,ハイローラー,豪赌客,豪賭客,,,,,,,,,,,,,,,,,,
Record/Replay/Dream_Desc,Text,,"어둡고 칙칙한 어딘가의 시설...
그곳에서 루시는 이미 죽어 있는 수많은 자기 자신을 마주한다.",Dans un établissement sombre et lugubre... Lucy découvre d'innombrables cadavres d'elle-même.,"暗くて気味悪いどこかの施設…
そこでルシーはすでに死んでいる無数の自分を発見する。","阴暗潮湿的某一处建筑……
在这里，露西看到了无数个死去的自己。","陰暗潮濕的某一棟建築……
在這裡，露西看到了無數個死去的自己。",,,,,,,,,,,,,,,,,,
Record/Replay/Dream_Title,Text,,악몽,Un cauchemar,悪夢,噩梦,惡夢,,,,,,,,,,,,,,,,,,
Record/Replay/EP5_AzarBattleAfter_Desc,Text,,"아자르의 강대한 힘 앞에 무력하게 패배한 루시.
아자르는 루시에게서 큐브를 빼앗으려 하지만, 루시는 필사적으로 큐브를 사수한다.
결국 아자르는 루시의 팔을 잘라가면서까지 큐브를 빼앗지만, 루시는 불굴의 의지로 아자르에게 마지막 일격을 먹이고, 세계는 다시 루프하게 된다.","Incapable de rivaliser avec l'immense puissance d'Azar, Lucy est vaincue sans le moindre espoir. 
Azar tente de lui prendre le cube, mais Lucy le protège de toutes ses forces. Finalement, 
Azar va jusqu'à lui trancher le bras pour s'en emparer. Pourtant, animée d'une volonté inébranlable, 
Lucy parvient à porter un dernier coup à Azar, et le monde replonge une nouvelle fois dans une boucle.","アザールの強大な力の前に、無力にも倒れ伏したルシー。
アザールはルシーからキューブを奪おうとするが、ルシーはキューブを死守しようとする。
ついにアザールはルシーの腕を切り落としてキューブを奪うが、
ルシーは不屈の意志でアザールに致命的な一撃を食らわせ、世界はもう一度ループする。","露西在阿扎尔强大的力量面前无力地败下阵来。
阿扎尔想要从露西手中夺走魔方，但露西死死守着不肯交给他。
最终阿扎尔斩断了露西的手臂，夺走了魔方。然而，露西凭借顽强的意志力给了阿扎尔最后一击，世界又重新开始了循环。","露西在阿札爾強大的力量面前無力地敗下陣來。
阿札爾想要從露西手中奪走魔方，但露西死死守著不肯交給他。
最後阿札爾砍斷了露西的手臂，奪走了魔方。
然而，露西憑藉著頑強的意志力給了阿札爾最後一擊，世界又重新開始了循環。",,,,,,,,,,,,,,,,,,
Record/Replay/EP5_AzarBattleAfter_Title,Text,,바꿀 수 없는 운명,Destin inévitable,変えられない運命,无法改变的命运,無法改變的命運,,,,,,,,,,,,,,,,,,
Record/Replay/EP5_KingDown_Desc,Text,,"수만 번째의 루프. 루시는 언제나처럼 잊혀진 왕을 쓰러뜨리지만, 잊혀진 왕의 모습이 평소와 다르다.
그는 루시를 안아주고, 정체불명의 큐브를 건네준 뒤 시계탑에 가라는 말만 남기고 숨이 끊어진다.
루시는 잊혀진 왕에게서 희미한 기억 속 아빠의 모습을 느끼고, 발걸음을 옮기려던 찰나 의외의 인물과 맞닥뜨리는데...","La plusieurs millième boucle. Comme toujours, Lucy terrasse le Roi Oublié, 
mais celui-ci semble différent des fois précédentes. Il serre Lucy dans ses bras et, dans son dernier souffle, 
lui demande de prendre un mystérieux cube et de se rendre à la Tour de l'Horloge. 
Lucy croit apercevoir l'image de son père se dissiper à travers le Roi Oublié. 
Alors qu'elle s'apprête à partir, une silhouette inattendue apparaît devant elle...","何万回ものループを繰り返すルシーは、いつものように忘れられた王を倒したが、
彼の様子はいつもとは違っていた。彼はルシーを抱きしめ、正体不明のキューブを渡し、
時計塔に向かえと口にして事切れた。ルシーは忘れられた王から
微かな記憶の中にある「パパ」の姿を感じ、その遺志を汲んで時計塔に向かおうとするが、
その途中で意外な人物と出くわしてしまう…。","第X万次循环，露西像往常一样击败了被遗忘的王，但他的样子和平时不太一样。
他拥抱了露西，并将一个神秘的魔方交给她，在交代她带着魔方去启动钟楼后停止了呼吸。
露西在被遗忘的王身上，感受到了记忆中爸爸的样子，正在她准备离开时，一个意外的人物出现在她面前……","第X萬次循環，露西像往常一樣擊敗了被遺忘的王，但他的樣子和平時不太一樣。
他擁抱了露西，並將一個神秘的魔術方塊交給她，在交代她帶著魔術方塊去啟動鐘樓後停止了呼吸。
露西在被遺忘的王身上，感受到了記憶中爸爸的樣子，正在她準備離開時，一個意外的人物出現在她面前……",,,,,,,,,,,,,,,,,,
Record/Replay/EP5_KingDown_Title,Text,,내분,Rébellion,仲間割れ,内讧,內訌,,,,,,,,,,,,,,,,,,
Record/Replay/EP5_PhoenixAwakeLucy_Desc,Text,,"새로운 회차가 시작되고, 루시는 언제나와 같이 잊혀진 땅에서 깨어나지만, 눈 앞에 있는 것은 아자르가 아닌 피닉스였다.
피닉스가 건네준 물약을 마시자 루시의 잃어버린 기억들이 되돌아오고, 큐브를 빼앗겼다는 걸 안 루시는 아자르를 막기 위해 결의를 다진다.","Une nouvelle boucle commence. Comme à chaque fois, Lucy se réveille dans les Terres Oubliées, 
mais cette fois, c'est Phoenix qui l'accueille à la place d'Azar. Après avoir bu la potion que Phoenix lui tend, 
Ses souvenirs perdus commencent à refaire surface. Sachant qu'Azar lui a dérobé le cube, Lucy est déterminée à l'arrêter.","新しい周回が始まり、ルシーはいつものように歪みの地から目を覚ますが、
目の前にいたのはアザールではなくフェニックスだった。
フェニックスが渡したポーションを飲んでルシーは記憶を取り戻し、
キューブを奪われた事に気づいた。ルシーはアザールを止めるために決意を新たにする。","新一轮的调查开始了，露西像往常一样在扭曲之地醒来，但出现在眼前的不是阿扎尔，而是凤凰。
在喝下凤凰递过来的药水后，露西慢慢恢复了失去的记忆，并回想起被夺走的魔方，露西下定决心要阻止阿扎尔。","新一輪的調查開始了，露西像往常一樣在扭曲之地醒來，但出現在眼前的不是阿札爾，而是鳳凰。
在喝下鳳凰遞過來的藥水後，露西慢慢恢復了失去的記憶，並回想起被奪走的魔方，露西下定決心要阻止阿札爾。",,,,,,,,,,,,,,,,,,
Record/Replay/EP5_PhoenixAwakeLucy_Title,Text,,되찾은 기억,Souvenirs retrouvés,取り戻した記憶,找回的记忆,找回的記憶,,,,,,,,,,,,,,,,,,
Record/Replay/EP6_AzarBattleAfter_Desc,Text,,"아자르와 대등한 승부를 펼친 루시. 그러나 결국 마스터가 깨어날 시간이 찾아오고, 아자르는 승부를 끝내지 않은채 작별 인사를 건넨다.
다음 순간, 점멸하는 빛 속에서 아자르는 어떤 환상을 보게 된다.","Azar et Lucy s'affrontent à armes égales. Cependant, lorsque vient l'heure de l'éveil du Maître, 
Azar interrompt le combat et fait ses adieux. L'instant d'après, une étrange vision apparaît dans la lumière vacillante devant lui.","アザールと対等な勝負を繰り広げるルシー。
しかし、マスターの目覚めにより勝負は決まらず、アザールはルシーに最後を告げる。
次の瞬間、点滅する光の中でアザールはある幻想を見る。","露西与阿扎尔打得难分伯仲，然而，管理员醒来的时间很快就到了，还没来得及分出胜负，阿扎尔便向露西道别。
紧接着，在闪烁的光芒中，阿扎尔看到了某种幻想。","露西與阿札爾打得難分伯仲，然而，管理員醒來的時間很快就到了，還沒來得及分出勝負，阿札爾便向露西道別。
緊接著，在閃爍的光芒中，阿札爾看到了某種幻想。",,,,,,,,,,,,,,,,,,
Record/Replay/EP6_AzarBattleAfter_Title,Text,,레플리카,Réplique,レプリカ,复制人,複製人,,,,,,,,,,,,,,,,,,
Record/Replay/EP6_AzarBattleBefore_Desc,Text,,"검은 동공에서 각성의 때를 기다리는 프로그램 마스터. 마스터의 앞에 선 루시와 피닉스를 아자르가 막아선다.
아자르는 그 동안 눈여겨 보았던 루시의 성장을 확인하고 싶다며 진검 승부를 요구한다.
마스터의 힘을 두고 두 사람의 전력이 맞부딪히는데...","Le Maître du Programme attend patiemment son éveil dans les ténèbres. Lucy et Phoenix lui font face, mais Azar leur barre la route. 
Désireux de mesurer les progrès de Lucy, Azar exige un véritable combat à mort. 
Les deux adversaires déchaînent toute leur puissance pour prendre le contrôle du pouvoir du Maître...","真っ暗な空洞で覚醒の時を待つプログラムマスター。
マスターの元に向かうルシーとフェニックスの前に、アザールが立ちはだかる。
アザールはこれまでのルシーの成長を確認したいと口にして、真剣勝負を要求する。
マスターを目の前にして、二人の力のすべてが激突する…！","程序管理员正在黑洞中等待着觉醒的时刻到来。阿扎尔挡在露西和凤凰面前。
阿扎尔提出要和露西一决胜负，一直关注着露西的他，想通过战斗确认露西的成长。
两个人为了争夺管理员的力量，决定全力以赴……","程式管理員正在黑洞中等待著覺醒的時刻到來。阿札爾擋在露西和鳳凰面前。
阿札爾提出要和露西一決勝負，一直注意著露西的他，想透過戰鬥確認露西的成長。
兩個人為了爭奪管理員的力量，決定全力以赴……",,,,,,,,,,,,,,,,,,
Record/Replay/EP6_AzarBattleBefore_Title,Text,,진검 승부,La victoire ou la mort,真剣勝負,一决胜负,一決勝負,,,,,,,,,,,,,,,,,,
Record/Replay/EP6_BeforeAzarMeet_Desc,Text,,"아자르가 있는 장소 앞에 도착한 루시와 피닉스.
마스터를 깨워 루프를 없애고 자신만의 완벽한 세계를 만들려는 아자르를 막아야만 한다.
아자르를 저지하고 현실로 나가기 위한 마지막 싸움이 곧 시작된다.","Lucy et Phoenix atteignent enfin l'endroit où se trouve Azar. 
Quoi qu'il arrive, ils doivent l'empêcher de détruire la boucle et de créer son monde parfait à l'aide du pouvoir du Maître. 
Le combat final pour arrêter Azar et retrouver la réalité commence maintenant.","アザールの居場所の前に到着したルシーとフェニックス。
マスターを起こし、ループを終わらせて完璧な世界を作ろうとする
アザールの野望を食い止めなければならない。
現実世界に出るための、最後の戦いが始まろうとしている。","露西和凤凰来到阿扎尔所在的地方。
他们必须要阻止想要通过唤醒管理员，打造属于自己的完美世界的阿扎尔。
为了阻止阿扎尔，并回到现实世界，他们即将展开最后的战斗。","露西和鳳凰來到阿札爾所在的地方。
他們必須要阻止想要透過喚醒管理員，打造屬於自己的完美世界的阿札爾。
為了阻止阿札爾，並回到現實世界，他們即將展開最後的戰鬥。",,,,,,,,,,,,,,,,,,
Record/Replay/EP6_BeforeAzarMeet_Title,Text,,종막을 향하여,Vers le dénouement,終幕に向かって,进入尾声,進入尾聲,,,,,,,,,,,,,,,,,,
Record/Replay/EP6_MasterDialogue_Desc,Text,,"마침내 깨어난 프로그램 마스터. 마스터와 마주친 순간, 아자르는 진실을 깨닫게 되고 폭주한다.
하지만 마스터는 그런 아자르를 손 하나 까딱하여 불태워 버리고, 아자르는 마지막 순간 루시에게 자기 대신 마스터를 쓰러뜨려 달라는 부탁과 함께 사라지게 된다.","Mais le Maître réduit Azar en cendres d'un simple geste. 
Dans ses derniers instants, Azar supplie Lucy de vaincre le Maître à sa place avant de disparaître.","遂に目覚めたプログラムマスター。
アザールはマスターと向き合った瞬間真実を知り、暴走する。
しかし、たった一回の手振りでアザールを焼き尽くしてしまうマスター。
アザールは最後の瞬間に自分に代わってマスターを倒してくれと
ルシーに懇願しながら消えてしまう。","程序管理员终于醒了过来，在看到管理员的那一刻，领悟到真相的阿扎尔突然暴走。
管理员只是动了一下手指，便将阿扎尔烧死，阿扎尔在最后一刻拜托露西代替自己打败管理员后，彻底消失了。","程式管理員終於醒了過來，在看到管理員的那一刻，領悟到真相的阿札爾突然暴走。
管理員只是動了一下手指，便將阿札爾燒死，阿札爾在最後一刻拜託露西代替自己打敗管理員後，徹底消失了。",,,,,,,,,,,,,,,,,,
Record/Replay/EP6_MasterDialogue_Title,Text,,프로그램 마스터,Le Maître du Programme,プログラムマスター,程序管理员,程式管理員,,,,,,,,,,,,,,,,,,
Record/Replay/FirstClear_Desc,Text,,"힘든 여정 끝에, 마침내 마지막 타임셰이드를 지키는 파수꾼 '잊혀진 왕'을 해치운 루시 일행.
모든 타임셰이드가 모이고 시계탑을 가동할 수 있게 되었지만, 루시는 어딘가 석연치 않은 느낌을 받는다.
한편, 죽은 줄 알았던 잊혀진 왕은 혼자 남은 아자르에게 말을 꺼내는데...","Au terme d'un long périple, Lucy et son groupe parviennent enfin à vaincre le « Roi Oublié », 
gardien du dernier Éclat du Temps. Les Éclats du Temps sont désormais réunis et la Tour de l'Horloge peut être activée. 
Pourtant, Lucy sent que quelque chose ne va pas. Pendant ce temps, le Roi Oublié, que tous croyaient mort, s'entretient en privé avec Azar.","苦難の旅路の末、最後のタイムシェイドを守る「忘れられた王」を倒したルシー達。
全てのタイムシェイドが集まり、時計塔を起動できるようになったが、
ルシーには何となく割り切れないものがあるようだった。
一方、死んだはずの忘れられた王が、アザールへと密かに声をかける…。","经过艰难的旅程，露西一行人终于打倒了守护最后一个时光之影的“被遗忘的王”。
所有的时光之影已经集齐，很快就可以启动钟楼了，但露西却感觉哪里怪怪的。
另一边，本应该死亡的被遗忘的王，对独自留下来的阿扎尔说……","經過艱難的旅程，露西一行人終於打倒了守護最後一個時光之影的『被遺忘的王』。
所有的時光之影已經集齊，很快就可以啟動鐘樓了，但露西卻感覺哪裡怪怪的。
另一邊，本來應該死亡的被遺忘的王，對獨自留下來的阿札爾說……",,,,,,,,,,,,,,,,,,
Record/Replay/FirstClear_Title,Text,,잊혀진 왕,Le Roi Oublié,忘れられた王,被遗忘的王,被遺忘的王,,,,,,,,,,,,,,,,,,
Record/Replay/FirstDie_Desc,Text,,"뒤틀린 땅에서 깨어난 루시. 루시는 자신의 이름 외에 아무것도 기억하지 못한다.
루시를 깨운 것은 '아자르'라고 하는 남자. 그는 '예언의 소녀'에 대해 언급하며, 루시를 '방주'로 데리고 간다.","Lucy se réveille dans les Terres Distordues, ne se souvenant que de son propre nom. 
Celui qui la réveille est un homme nommé « Azar ». 
Il lui parle de la « Fille de la Prophétie » avant de l'emmener vers l'Arche.","歪みの地で目覚めたルシー。ルシーは自分の名前以外のことを覚えていなかった。
ルシーを起こしたのはアザールという男。
彼は「予言の少女」の話をした後、ルシーを「アーク」へ連れて行く。","露西从扭曲之地中醒来，但除了自己的名字，她什么也想不起来。
叫醒露西的是一个叫“阿扎尔”的男人，他讲述了关于“预言少女”的故事，并把露西带到了“方舟”。","露西從扭曲之地醒來，但除了自己的名字，她什麼也想不起來。
叫醒露西的是一個叫「阿札爾」的男人，他講述了關於「預言少女」的故事，並把露西帶到了「方舟」。",,,,,,,,,,,,,,,,,,
Record/Replay/FirstDie_Title,Text,,예언의 소녀,La Fille de la Prophétie,予言の少女,预言少女,預言少女,,,,,,,,,,,,,,,,,,
Record/Replay/FirstLoop_Desc,Text,,"아자르, 리안, 헤인과 함께 뒤틀린 땅으로 내려가 타임셰이드를 수색하는 루시.
모두와 힘을 합쳐 마침내 첫 번째 타임셰이드를 찾아내지만, 파수꾼에게 들켜 전투를 하게 된다.
하나둘씩 쓰러져가는 동료들. 그리고 마지막 순간, 루시는 충격적인 광경을 목격하게 되는데...","Lucy parcourt les Terres Distordues aux côtés d'Azar, 
Lian et Hein à la recherche des Éclats du Temps. 
En unissant leurs forces, ils parviennent enfin à obtenir leur premier Éclat du Temps, 
mais un gardien leur tend une embuscade. Lucy voit ses compagnons tomber les uns après les autres, impuissante. 
Au tout dernier instant, elle est témoin d'un événement bouleversant...","アザール、リーアン、ヘインと共に歪みの地でタイムシェイドを探すルシー。
みんなで力を合わせて最初のタイムシェイドを見つけ出すが、
ガーディアンと遭遇して戦闘になる。
その力に屈し、一人ずつ倒されてゆく仲間達。
最後の瞬間、ルシーは衝撃的な光景を目撃する。","露西决定跟随阿扎尔、莉安、海因一起前往扭曲之地寻找时光之影。
他们齐心协力找出了第一个时光之影，却被守护者发现而卷入了战斗。
同伴一个接一个地倒下，在最后一刻，露西看到令人震惊的一幕……","露西決定跟隨阿札爾、莉安、海因一起前往扭曲之地尋找時光之影。
他們齊心協力找出了第一個時光之影，卻被守護者發現而捲入了戰鬥。
同伴一個接一個倒下，在最後一刻，露西看到令人震驚的一幕……",,,,,,,,,,,,,,,,,,
Record/Replay/FirstLoop_Title,Text,,열두 번째의 모험,La douzième aventure,12回目の冒険,第十二次冒险,第十二次冒險,,,,,,,,,,,,,,,,,,
Record/Replay/Intro_Desc,Text,,"시계탑을 가동하기 위해 타임셰이드를 모으며 나아가는 루시 일행.
하지만 그 여정은 오래가지 않고, 결국에는 피로 물들고 만다.
언제인지 모를 과거의 자신을 바라보는 루시. 그런 루시에게, 다정하면서도 어딘가 섬뜩한 목소리가 들려온다...","Le groupe de Lucy rassemble les Éclats du Temps afin d'activer la Tour de l'Horloge. 
Cependant, leur voyage est de courte durée et finit par être baigné dans le sang. 
Lucy contemple son ancienne personne venue d'un passé inconnu. 
Une voix à la fois chaleureuse et inquiétante résonne alors...","時計塔を起動させるためタイムシェイドを探すルシー達。
しかし、冒険は長く続かず、血に染まった結末を迎えてしまう。
いつなのかさえ分からない過去の自分を見つめるルシー。
そんなルシーの耳に、優しいながらもどこか不気味な声が聞こえてくる。","为了启动钟楼，露西一行人一边收集时光之影一边继续前行。
然而这段旅程并没有持续很久，最终倒在了血泊之中。
露西望着过去的自己，正在这时，传来温柔却又让人毛骨悚然的声音……","為了啟動鐘樓，露西一行人一邊收集時光之影一邊繼續前進。
然而這段旅程並沒有持續很久，最終所有人都倒在了血泊之中。
露西望著過去的自己，就在這時，耳邊傳來溫柔卻又讓人毛骨悚然的聲音……",,,,,,,,,,,,,,,,,,
Record/Replay/Intro_Title,Text,,시작의 기억,Les souvenirs des origines,始まりの記憶,开始的记忆,開始的記憶,,,,,,,,,,,,,,,,,,
Record/Replay/JohanStory_Desc,Text,,"방주의 조사단원 요한은 잃어버린 연인인 앨리스를 찾기 위해 뒤틀린 땅에 내려간다.
그리고 마침내 하얀 무덤에서 앨리스의 단서를 발견하고, 누군가의 그림자를 뒤쫓아가지만...
그 끝에서 요한을 기다리고 있었던 건 앨리스가 아닌, 쥬다스라는 이름의 한 성직자였다.","Johan, membre de l'équipe d'investigation de l'Arche, descend dans les Terres Distordues à la recherche de sa bien-aimée disparue, Alice. 
Lorsqu'il trouve enfin une piste dans le Cimetière Blanc, 
Il se lance à la poursuite d'une silhouette mystérieuse... 
Mais au bout du chemin, ce n'est pas Alice qui l'attend, mais un prêtre nommé Judas.","アークの調査団員ヨハンは、失われた恋人アリスを探すために歪みの地に降り立った。 
そしてついに白い墓地でアリスの手がかりを見つけ、
そこに現れた何者かの影を、淡い期待を抱きながら追いかけるが…
その先にヨハンを待っていたのはアリスではなく、ジューダスという名の聖職者だった。","方舟的调查员约翰，前往扭曲之地寻找失踪的恋人爱丽丝。
终于，他在白色墓地中找到了有关爱丽丝的线索，并看到了熟悉的身影……
然而，等待着约翰的并不是爱丽丝，而是一个叫犹大的教徒。","方舟的調查員約翰，前往扭曲之地尋找失蹤的戀人愛麗絲。
終於，他在白色墓地中找到了有關愛麗絲的線索，並看到了熟悉的身影……
然而，等待約翰的並不是愛麗絲，而是一個叫猶大的教徒。",,,,,,,,,,,,,,,,,,
Record/Replay/JohanStory_Title,Text,,이단심문관 쥬다스,L'Inquisiteur Judas,異端審問官・ジューダス,异端审判官犹大,異端審判者猶大,,,,,,,,,,,,,,,,,,
Record/Replay/LastBattleAfter1_Desc,Text,,"현실 세계로 나가기 위해, 루시 일행은 마스터의 앞에 선다.
하지만 마스터는 이야기를 들을 생각이 없으며, 세계를 파괴하겠다고 선언한다.
현실 세계를 위해, 그리고 방주의 모두를 위해, 루시 일행은 마지막 싸움에 임한다.","Afin de retourner dans le monde réel, Lucy et ses compagnons se dressent devant le Maître. 
Mais celui-ci refuse de les écouter et annonce qu'il détruira le monde. 
Pour sauver le monde réel ainsi que tous les habitants de l'Arche, Lucy et son groupe livrent leur ultime bataille.","現実世界に出るため、ルシー達はマスターに立ち向かう。
しかし、マスターはルシーの話には興味を持たず、この世界を破壊すると宣言する。
現実世界のため、アークの皆のため、ルシー達は最後の戦いに挑む。","为了回到现实世界，露西一行人站在了管理员的面前。
但管理员并不打算听他们的想法，并宣称要破坏这个世界。
为了现实世界，为了方舟的所有人，露西一行人准备迎接最后的战斗。","為了回到現實世界，露西一行人站在了管理員的面前。
但管理員並不打算聽他們的想法，並宣稱要破壞這個世界。
為了現實世界，為了方舟的所有人，露西一行人準備迎接最後的戰鬥。",,,,,,,,,,,,,,,,,,
Record/Replay/LastBattleAfter1_Title,Text,,마지막 싸움,Bataille finale,最後の戦い,最后的战斗,最後的戰鬥,,,,,,,,,,,,,,,,,,
Record/Replay/LastBattleAfter2_Desc,Text,,"마침내 마스터를 쓰러뜨리고, 루시는 현실 세계로 나갔다고 생각했지만, 그것은 모두 마스터가 미리  보여준 진실이자 미래였다. 모든 것을 알게 된 루시는 절망하게 되고, 피닉스가 몸을 던져 루시를 지켜내지만, 루시의 눈동자에는 더이상 아무런 빛도 깃들어 있지 않은데...","Après avoir finalement vaincu le Maître, 
Lucy croit être revenue dans le monde réel. Pourtant, ce qu'elle voit n'est que le futur que le Maître lui a montré. 
Après avoir découvert toute la vérité, Lucy sombre dans le désespoir.
 Phoenix la protège au prix de sa propre vie, mais plus aucune lueur ne brille dans les yeux de Lucy...","ついにマスターを倒し、現実世界に出られたと思ったルシー。
しかし、それらは全てマスターが見せた真実であり未来だった。
全てを知ってしまったルシーは絶望する。
フェニックスが身を呈してルシーを庇うが、
ルシーの瞳からは、もうどんな光さえも失われていた…。",露西以为她最终打败了管理员，回到了现实世界，但这都是管理员提前给她展示的未来。 知道真相的露西陷入了绝望，凤凰奋不顾身地守护露西，但露西的眼睛里已经没有光了……,露西以為她最終打敗了管理員，回到了現實世界，但這都是管理員提前給她展示的未來。知道真相的露西陷入了絕望，鳳凰奮不顧身地守護露西，但露西的眼神裡已經沒有光了……,,,,,,,,,,,,,,,,,,
Record/Replay/LastBattleAfter2_Title,Text,,절망의 세계,Le monde du désespoir,絶望の世界,绝望的世界,絕望的世界,,,,,,,,,,,,,,,,,,
Record/Replay/NormalEnding_Desc,Text,,"싸움은 끝났다. 모두는 힘들고 괴로운 기억을 전부 잊고, 저마다의 행복한 일상 속에서 남은 시간을 행복하게 보낼 수 있게 되었다.","Le combat est terminé. 
Tous ont oublié leurs souvenirs les plus douloureux.
Et peuvent désormais vivre le reste de leur existence dans le bonheur qui leur est propre.","戦いは終わった。
それぞれ辛くてつらい記憶をすべて忘れて、
幸せな日常の中で残った時間を幸せに過ごせるようになった。",战斗结束了。大家终于可以忘掉所有痛苦的记忆，在各自的生活里幸福地度过余下的时光。,戰鬥結束了。大家終於可以忘掉所有痛苦的記憶，在各自的生活裡幸福地度過餘下的時光。,,,,,,,,,,,,,,,,,,
Record/Replay/NormalEnding_Title,Text,,새장 속 행복,Le bonheur dans la cage aux oiseaux,鳥籠の中の幸せ,笼中的幸福,籠中的幸福,,,,,,,,,,,,,,,,,,
Record/Replay/SecondClear_Desc,Text,,"무한 루프를 부수고 자신만의 현실을 찾기 위해, 아자르는 클라인과 이야기를 나눈다.
원래 방주의 주인이자 방주 프로젝트의 총책임자였던 클라인이라면 무언가 방법을 알고 있을 거라고 확신하는 아자르.
클라인은 아자르에게 '아카이브'의 존재를 말해주며 숨이 끊어진다.","Azar s'adresse à Clyne dans l'espoir de briser la boucle infinie et de retrouver la réalité. 
Convaincu que le fondateur et directeur exécutif du projet Arche connaît une solution, il vient lui demander son aide. 
Clyne lui parle des « Archives » avant de rendre son dernier souffle.","無限ループを終わらせて自分の現実を取り戻すため、アザールはクラインと話し合う。
アーク本来の主であり、アークプロジェクトの総責任者でもあるクラインなら
何か手がかりを持っているはずだと確信するアザール。
クラインはアザールにアーカイブの存在を教えた後、息絶えてしまう。","为了打破无限循环找回现实，阿扎尔找到了克莱因。
阿扎尔确信身为方舟的原主人及项目的总负责人，他一定知道方法。
在告诉阿扎尔关于“档案馆”的存在后，克莱因咽下了最后一口气。","為了打破無限循環找回現實，阿札爾找到了克萊因。
阿札爾確信克萊因身為方舟的原主人及計畫的總負責人，他一定知道方法。
在告訴阿札爾關於『檔案館』的存在後，克萊因嚥下了最後一口氣。",,,,,,,,,,,,,,,,,,
Record/Replay/SecondClear_Title,Text,,단 하나의 단서,L'unique indice,たった一つの手がかり,唯一的线索,唯一的線索,,,,,,,,,,,,,,,,,,
Record/Replay/SecondDie_Desc,Text,,"뒤틀린 땅에 내려가 어딘가를 향해 걷는 아자르. 그는 매우 익숙해 보이고, 동시에 공허해 보이기도 한다.
그리고 마침내 도착한 곳에는, 언제나와 똑같은 장소에서 똑같은 자세로 소녀가 잠들어 있다.","Azar se rend dans un endroit bien précis des Terres Distordues. 
Il semble connaître les lieux par cœur, tout en affichant un regard vide. 
Lorsqu'il arrive enfin à destination, une jeune fille dort exactement au même endroit, dans la même position que d'habitude.","歪みの地に降りてどこかに向かっているアザール。
彼は変化を繰り返す大地を迷いなく歩くも、その表情はどこか虚ろに見えた。
彼が到着した場所には、いつもと同じ姿で、少女が静かに眠っている…。","在扭曲之地里，阿扎尔向着某处走去。他看起来既熟练又空虚。
就在他最后抵达的地方，一个少女正在以同样的姿势在同样的地点熟睡着。","在扭曲之地裡，阿札爾朝著某處走去。他看起來既熟練又空虛。
就在他最後抵達的地方，一個少女正以同樣的姿勢在同樣的地點熟睡著。",,,,,,,,,,,,,,,,,,
Record/Replay/SecondDie_Title,Text,,반복되는 세계,Monde en boucle,繰り返す世界,重复的世界,重複的世界,,,,,,,,,,,,,,,,,,
Record/Replay/SwimDLCStory_Desc,Text,,"갑작스럽게 정신을 잃고, 수영복을 입은 채 해변가에서 깨어난 루시 일행.
좀처럼 보기 힘든 바다 풍경에 마음을 빼앗긴 일행은 일단 신나게 물놀이를 하기로 한다.
즐거움도 잠시, 해변가에서 나갈 방법이 없다는 것을 깨달은 루시 일행. 그리고 그들 앞에 누군가가 모습을 드러낸다.","Après avoir soudainement perdu connaissance, 
Lucy et son groupe se réveillent sur une plage, vêtus de leurs maillots de bain. 
Émerveillés par cette rare vue de l'océan, ils décident d'aller se baigner et de profiter de l'instant. 
Cependant, ils réalisent rapidement qu'il est impossible de quitter la plage. 
C'est alors que quelqu'un apparaît devant eux.","突然気を失った後、砂浜で目覚めたルシー達はどういう訳か水着姿だった。
しかし歪みの地では楽しむことができなかった海を目にして、バカンス気分を満喫する。
楽しい時間を過ごしたルシー達。
しかし帰り際、どういう訳か砂浜からは出られないことに気が付く。
そんな調査団員たちの前に、海の向こうに灯る不知火と共に現れた影は…。","露西一行人忽然间失去了意识，醒来时发现所有人都身着泳装，置身于一片海滩之上。
被难得一见的大海迷住的她们，决定先尽情地畅游一番。
但快乐是暂时的，他们发现似乎无法离开这片海滩，这时，一个神秘的女人出现在他们面前。","露西一行人突然失去了意識，穿著泳裝在海邊醒來。
被難得一見的大海迷住的他們，決定先盡情地玩水。
但快樂是暫時的，他們發現似乎沒有辦法離開海灘。
這時，一個神祕的女人出現在他們面前。",,,,,,,,,,,,,,,,,,
Record/Replay/SwimDLCStory_Title,Text,,서머 트와일라잇,Crépuscule d'été,サマートワイライト,夏日黄昏,夏日黃昏,,,,,,,,,,,,,,,,,,
Record/Replay/TrueEnding_1_Desc,Text,,"모든 것을 내려놓고 새로운 세계를 받아들이려고 하는 루시. 그런 루시의 앞에 나타난 것은 빛을 잃은 시계탑과, 과거의 자기 자신.
환상 속에서 루시는 무언가를 깨닫고, 다시 한 번 결의를 다지게 된다.","Lucy est prête à tout abandonner pour accepter ce nouveau monde, 
mais elle aperçoit devant elle une Tour de l'Horloge privée de sa lumière, ainsi que son ancienne personne. 
Au cours de cette vision, Lucy comprend enfin quelque chose et raffermit sa détermination.","全てを諦めて新しい世界を受け入れようとしているルシー。
そんなルシーの前に現れたのは色を失った時計塔と過去の自分。
幻想の中でルシーは何かに気付き、再び決意を固める。","就在露西准备放下一切，接受新的世界时，褪色的钟楼和过去的自己出现在她的面前。
在幻象中露西领悟到了什么，她再一次下定了决心。","就在露西準備放下一切，接受新的世界時，褪色的鐘樓和過去的自己出現在她的面前。
在幻像中露西領悟到了什麼，她再一次下定了決心。",,,,,,,,,,,,,,,,,,
Record/Replay/TrueEnding_1_Title,Text,,잿빛 환상,Fantaisie assombrie,灰色の幻想,灰色幻象,灰色幻象,,,,,,,,,,,,,,,,,,
Record/Replay/TrueEnding_2_Desc,Text,,"이길 수 없다는 것을 알면서도 포기하지 않는다. 루시는 지금까지 겪은 모든 일들을 통해 마스터가 주장하는 무의미함을 반박한다.
누군가가 자신들의 마지막을 기억해주리라 믿으면서, 루시는 마지막 공격에 모든 힘을 쏟아 넣는다.","Même si Lucy sait qu'elle ne peut pas gagner, elle refuse d'abandonner. 
Se remémorant tout ce qu'elle a traversé, elle réfute les paroles du Maître selon lesquelles tout serait dénué de sens. 
Convaincue que quelqu'un se souviendra de leurs derniers instants, 
Lucy rassemble toutes ses forces pour lancer une ultime attaque.","勝てないことを知りながらもあきらめない。 
ルシーは今まで経験したすべてのことを通じてマスターが主張する無意味さに反論する。
誰かが自分たちの最後を覚えてくれると信じながら、
ルシーは最後の攻撃にすべての力を注ぎ込む。","露西明知道自己赢不了，却还是没有放弃。她通过至今所经历的一切去反驳管理员主张的所谓的无意义。
露西汇聚了所有的力量挥出了最后一击，她相信一定会有人记得他们最后的样子。","露西明知道自己贏不了，卻還是沒有放棄。她透過至今所經歷的一切去反駁管理員主張的所謂的無意義。
露西匯聚了所有的力量揮出了最後一擊，她相信一定會有人記得他們最後的樣子。",,,,,,,,,,,,,,,,,,
Record/Replay/TrueEnding_2_Title,Text,,프로젝트 종료,La fin du projet,プロジェクト終了,结束项目,計畫結束,,,,,,,,,,,,,,,,,,
